backbone,feature,dr,k,clf,accuracy_mean,accuracy_std,macro_f1_mean,macro_f1_std,n_folds,accuracy_mean±std,macro_f1_mean±std
mobilenet_v3_small,EplusT,lda,128,logreg,0.9945340003238006,0.00041984224569014355,0.9933399128266365,0.0025424700407442936,4,0.9945 ± 0.0004,0.9933 ± 0.0025
mobilenet_v3_small,EplusT,lda,267,logreg,0.9947357086150496,0.0012940334421129498,0.992431985529578,0.003741528839780145,4,0.9947 ± 0.0013,0.9924 ± 0.0037
mobilenet_v3_small,EplusT,lda,64,logreg,0.993698144966035,0.0011995560607068083,0.9917004481099255,0.003620633794111817,4,0.9937 ± 0.0012,0.9917 ± 0.0036
mobilenet_v3_small,EplusT,pca,128,logreg,0.9930187680547592,0.002619480018980235,0.9902658753419462,0.006867833704807793,4,0.9930 ± 0.0026,0.9903 ± 0.0069
mobilenet_v3_small,EplusT,lda,128,linearsvc,0.9922198244039908,0.0027650310549887456,0.9897005831471948,0.004117990618221906,4,0.9922 ± 0.0028,0.9897 ± 0.0041
mobilenet_v3_small,EplusT,lda,128,knn,0.992983625673975,0.002489003685179371,0.9894214736165426,0.003994426287663879,4,0.9930 ± 0.0025,0.9894 ± 0.0040
mobilenet_v3_small,EplusT,pca,64,logreg,0.9923715919422766,0.0026884017820548284,0.9893606115082422,0.006635275579952764,4,0.9924 ± 0.0027,0.9894 ± 0.0066
mobilenet_v3_small,EplusT,pca,256,logreg,0.9928136053345344,0.0028882302118424215,0.9891658000707312,0.0066160371841891535,4,0.9928 ± 0.0029,0.9892 ± 0.0066
mobilenet_v3_small,EplusT,lda,267,knn,0.9933394453813114,0.0016635469312135044,0.9891243582881417,0.005347338687404251,4,0.9933 ± 0.0017,0.9891 ± 0.0053
mobilenet_v3_small,EplusT,lda,267,linearsvc,0.9931360519872997,0.0013407740379151984,0.9881847156544201,0.003190223064625637,4,0.9931 ± 0.0013,0.9882 ± 0.0032
mobilenet_v3_small,EplusT,rp,128,logreg,0.9911476929257805,0.001888166806220011,0.9881845803317777,0.003542888126409954,4,0.9911 ± 0.0019,0.9882 ± 0.0035
efficientnet_b0,EplusT,lda,267,knn,0.9923773902490538,0.002197305859489406,0.9879650103161408,0.0032614990754346,4,0.9924 ± 0.0022,0.9880 ± 0.0033
efficientnet_b0,EplusT,pca,256,logreg,0.992083858413007,0.0025530691965657388,0.9874523998898739,0.003718298973507592,4,0.9921 ± 0.0026,0.9875 ± 0.0037
resnet50,EplusT,lda,267,logreg,0.9913953129894284,0.002540341266527566,0.9870797378489601,0.004370275090390266,4,0.9914 ± 0.0025,0.9871 ± 0.0044
mobilenet_v3_small,EplusT,lda,64,knn,0.9923404785420566,0.001593944812570568,0.9869049585919474,0.003846708990105239,4,0.9923 ± 0.0016,0.9869 ± 0.0038
efficientnet_b0,EplusT,lda,267,logreg,0.9921722275288292,0.001954731072982216,0.9868638859355643,0.002194076461632174,4,0.9922 ± 0.0020,0.9869 ± 0.0022
mobilenet_v3_small,EplusT,lda,64,linearsvc,0.9919188091584039,0.0025399689624513847,0.9868447868896091,0.006106472150960797,4,0.9919 ± 0.0025,0.9868 ± 0.0061
mobilenet_v3_small,EplusT,lda,32,logreg,0.9906160314196253,0.0012458832098360257,0.9865684351925023,0.0034721059004781444,4,0.9906 ± 0.0012,0.9866 ± 0.0035
efficientnet_b0,EplusT,lda,128,knn,0.9907703344352145,0.0024205950614696777,0.9864374225319973,0.003851864172238256,4,0.9908 ± 0.0024,0.9864 ± 0.0039
efficientnet_b0,EplusT,lda,128,logreg,0.9911000960506188,0.0012912885679708121,0.9862210244817333,0.0018775697083649315,4,0.9911 ± 0.0013,0.9862 ± 0.0019
efficientnet_b0,EplusT,pca,128,logreg,0.9909131019080984,0.0015987646242483027,0.9860910280527557,0.003090596264541918,4,0.9909 ± 0.0016,0.9861 ± 0.0031
mobilenet_v3_small,EplusT,pca,128,linearsvc,0.9901123047076665,0.0019453636840259365,0.9860598191131092,0.006183042508595593,4,0.9901 ± 0.0019,0.9861 ± 0.0062
mobilenet_v3_small,EplusT,pca,256,linearsvc,0.9913288887615235,0.002749650908784286,0.985928027890096,0.005733328774197814,4,0.9913 ± 0.0027,0.9859 ± 0.0057
resnet50,EplusT,lda,267,knn,0.9907850485839431,0.002524048945061529,0.9855267897491092,0.005151604323026791,4,0.9908 ± 0.0025,0.9855 ± 0.0052
efficientnet_b0,EplusT,lda,64,knn,0.9894783260880508,0.0016605899614168856,0.9854724563246092,0.003975442981086571,4,0.9895 ± 0.0017,0.9855 ± 0.0040
efficientnet_b0,EplusT,pca,64,logreg,0.9892528193592209,0.0024218013053761566,0.9847710621780963,0.003387114128838201,4,0.9893 ± 0.0024,0.9848 ± 0.0034
mobilenet_v3_small,EplusT,rp,128,linearsvc,0.9892821634332277,0.0015419165393727734,0.9843082444465023,0.005176246454586465,4,0.9893 ± 0.0015,0.9843 ± 0.0052
efficientnet_b0,EplusT,lda,64,logreg,0.989247105275894,0.0026595082945489613,0.9839955044550288,0.006793791986335262,4,0.9892 ± 0.0027,0.9840 ± 0.0068
efficientnet_b0,EplusT,pca,256,linearsvc,0.9908983877593698,0.0019538788342635784,0.9839299684669873,0.0030231686164431068,4,0.9909 ± 0.0020,0.9839 ± 0.0030
efficientnet_b0,EplusT,pca,128,linearsvc,0.9896432068957529,0.0014697821438652261,0.983396468797877,0.0018905510664129215,4,0.9896 ± 0.0015,0.9834 ± 0.0019
mobilenet_v3_small,EplusT,rp,64,logreg,0.9888901750173835,0.002361645942735984,0.9830831405625853,0.003704417599858384,4,0.9889 ± 0.0024,0.9831 ± 0.0037
resnet50,EplusT,lda,128,logreg,0.989176307667341,0.002834507802450366,0.9825266176697011,0.0040005237336544755,4,0.9892 ± 0.0028,0.9825 ± 0.0040
efficientnet_b0,EplusT,lda,267,linearsvc,0.9896670053333337,0.0014553945859177354,0.9821096028942624,0.003791475657310307,4,0.9897 ± 0.0015,0.9821 ± 0.0038
mobilenet_v3_small,EplusT,pca,64,linearsvc,0.9897826273157126,0.0029280924172481186,0.9817381125786266,0.0059786060031132866,4,0.9898 ± 0.0029,0.9817 ± 0.0060
resnet50,EplusT,lda,128,knn,0.9893741554249266,0.003388237760525835,0.9817127663760024,0.006512175136598373,4,0.9894 ± 0.0034,0.9817 ± 0.0065
mobilenet_v3_small,EplusT,pca,32,logreg,0.9874955126629575,0.002619565291706662,0.981527646202049,0.00486809038258281,4,0.9875 ± 0.0026,0.9815 ± 0.0049
resnet50,EplusT,lda,267,linearsvc,0.988974599376092,0.003024874647869102,0.9815070983952754,0.00338939662441745,4,0.9890 ± 0.0030,0.9815 ± 0.0034
mobilenet_v3_small,EplusT,lda,32,knn,0.9884117402462664,0.0008243437310690473,0.9812033121601262,0.0029998265756777647,4,0.9884 ± 0.0008,0.9812 ± 0.0030
efficientnet_b0,EplusT,rp,128,logreg,0.9884940733975247,0.0034393230168442367,0.9807666040419378,0.0047638298293064905,4,0.9885 ± 0.0034,0.9808 ± 0.0048
resnet50,EplusT,pca,256,logreg,0.9878950687117921,0.002255594037776485,0.9803085371690619,0.0027119244440169713,4,0.9879 ± 0.0023,0.9803 ± 0.0027
resnet50,EplusT,lda,64,knn,0.986717081467695,0.003318629253653921,0.979754424536713,0.005572315757816614,4,0.9867 ± 0.0033,0.9798 ± 0.0056
resnet50,EplusT,pca,128,logreg,0.9865021756835792,0.003931457033399672,0.9793447346341969,0.0046964378491631065,4,0.9865 ± 0.0039,0.9793 ± 0.0047
efficientnet_b0,EplusT,lda,32,knn,0.9883570200079674,0.0038480506003136343,0.9793277106435894,0.009385781818890066,4,0.9884 ± 0.0038,0.9793 ± 0.0094
efficientnet_b0,EplusT,pca,64,linearsvc,0.9863939528872899,0.0029891535163883228,0.9792706210935787,0.0046481520234051684,4,0.9864 ± 0.0030,0.9793 ± 0.0046
efficientnet_b0,EplusT,lda,32,logreg,0.9866966532356395,0.003403706417171186,0.9785371854601733,0.00721640539262692,4,0.9867 ± 0.0034,0.9785 ± 0.0072
resnet50,EplusT,pca,256,linearsvc,0.986469974884786,0.005511752679084313,0.9779106702005165,0.008660723806289834,4,0.9865 ± 0.0055,0.9779 ± 0.0087
efficientnet_b0,EplusT,pca,32,logreg,0.9837172168490931,0.0048463946732394195,0.977508720939795,0.006866678295137336,4,0.9837 ± 0.0048,0.9775 ± 0.0069
efficientnet_b0,EplusT,lda,128,linearsvc,0.9850951430582261,0.00314743233407683,0.9769561500535981,0.005470115801595943,4,0.9851 ± 0.0031,0.9770 ± 0.0055
mobilenet_v3_small,EplusT,lda,16,logreg,0.9840309853176937,0.00220941548452254,0.9766829758457415,0.00539405910287182,4,0.9840 ± 0.0022,0.9767 ± 0.0054
efficientnet_b0,EplusT,pca,256,knn,0.9852214270561683,0.002469410392482806,0.9764285916903488,0.006512108590500317,4,0.9852 ± 0.0025,0.9764 ± 0.0065
resnet50,EplusT,pca,64,logreg,0.9843477410397331,0.004059241562526804,0.9760205177372188,0.007210994297901028,4,0.9843 ± 0.0041,0.9760 ± 0.0072
efficientnet_b0,EplusT,rp,128,linearsvc,0.9840066123285245,0.0019476183472733185,0.9757259562835884,0.0027213244409358675,4,0.9840 ± 0.0019,0.9757 ± 0.0027
resnet50,EplusT,lda,64,logreg,0.9848515519751423,0.002140422887253498,0.9754730682714333,0.002987061361162333,4,0.9849 ± 0.0021,0.9755 ± 0.0030
mobilenet_v3_small,EplusT,pca,256,knn,0.9856482359715596,0.003411346920174063,0.9749940328538181,0.0073304775582246256,4,0.9856 ± 0.0034,0.9750 ± 0.0073
efficientnet_b0,EplusT,pca,32,linearsvc,0.9816415535514781,0.004160297077298691,0.9743961939814595,0.007904986183271586,4,0.9816 ± 0.0042,0.9744 ± 0.0079
mobilenet_v3_small,EplusT,pca,32,linearsvc,0.9832444119378524,0.00265865082827921,0.9738713371229862,0.004775151524975964,4,0.9832 ± 0.0027,0.9739 ± 0.0048
efficientnet_b0,EplusT,pca,128,knn,0.9829399422632897,0.0035422557240733983,0.9737005779983889,0.00607448649232104,4,0.9829 ± 0.0035,0.9737 ± 0.0061
mobilenet_v3_small,EplusT,lda,32,linearsvc,0.9827826290885779,0.0016034081512991919,0.9731596946316723,0.004391704758337296,4,0.9828 ± 0.0016,0.9732 ± 0.0044
mobilenet_v3_small,EplusT,pca,128,knn,0.9853003057784508,0.0034081129570713254,0.9729043531329927,0.007800689258581986,4,0.9853 ± 0.0034,0.9729 ± 0.0078
mobilenet_v3_small,EplusT,rp,128,knn,0.9845709649616108,0.0011657378013973836,0.972297476877614,0.0027874499242018422,4,0.9846 ± 0.0012,0.9723 ± 0.0028
mobilenet_v3_small,EplusT,rp,64,linearsvc,0.9833854943079738,0.001272403311488485,0.9715443975539867,0.005996654364168484,4,0.9834 ± 0.0013,0.9715 ± 0.0060
efficientnet_b0,EplusT,rp,64,logreg,0.981272536351275,0.004903334759089476,0.971201706293368,0.006067171501288704,4,0.9813 ± 0.0049,0.9712 ± 0.0061
mobilenet_v3_small,EplusT,pca,64,knn,0.9832076686777561,0.002681371453498675,0.9705970038053789,0.0063078103958004485,4,0.9832 ± 0.0027,0.9706 ± 0.0063
resnet50,EplusT,pca,64,linearsvc,0.9818448627220393,0.0026462706721736883,0.9705745399425953,0.004624648522569009,4,0.9818 ± 0.0026,0.9706 ± 0.0046
resnet50,EplusT,pca,128,linearsvc,0.9816482097390784,0.004069519335195264,0.9691226651617324,0.005807492493035432,4,0.9816 ± 0.0041,0.9691 ± 0.0058
efficientnet_b0,EplusT,rp,128,knn,0.9818442039470004,0.004200968358067996,0.9686340520197017,0.0072990075224625235,4,0.9818 ± 0.0042,0.9686 ± 0.0073
efficientnet_b0,EplusT,lda,64,linearsvc,0.9811553134895838,0.004205556165368745,0.9686340074907493,0.005275516885865115,4,0.9812 ± 0.0042,0.9686 ± 0.0053
mobilenet_v3_small,EplusT,lda,16,knn,0.9813200258503851,0.0026606174606704017,0.9681031908910346,0.004783504439433976,4,0.9813 ± 0.0027,0.9681 ± 0.0048
resnet50,EplusT,lda,128,linearsvc,0.978224646233977,0.007360247985764692,0.967711068149921,0.009202386743643357,4,0.9782 ± 0.0074,0.9677 ± 0.0092
efficientnet_b0,EplusT,pca,64,knn,0.9785053018246401,0.004393120853682621,0.9669120027266023,0.006138635072993053,4,0.9785 ± 0.0044,0.9669 ± 0.0061
mobilenet_v3_small,EplusT,rp,64,knn,0.9795997150845694,0.0030462500737260772,0.9664547374949479,0.006701930932079073,4,0.9796 ± 0.0030,0.9665 ± 0.0067
resnet50,EplusT,lda,32,knn,0.9769154724842317,0.0020065378223568455,0.965485441224383,0.0008129100185535997,4,0.9769 ± 0.0020,0.9655 ± 0.0008
resnet50,EplusT,pca,256,knn,0.977648183506597,0.00494088982591986,0.9645822870930018,0.005712860079738426,4,0.9776 ± 0.0049,0.9646 ± 0.0057
resnet50,EplusT,pca,32,logreg,0.9748958547281927,0.007260644138918976,0.9636564489729433,0.01058167834386824,4,0.9749 ± 0.0073,0.9637 ± 0.0106
mobilenet_v3_small,EplusT,pca,32,knn,0.9777705227474256,0.005288176466117848,0.9633749994951032,0.010296461557382267,4,0.9778 ± 0.0053,0.9634 ± 0.0103
mobilenet_v3_small,EplusT,rp,32,logreg,0.9736287939217866,0.005313102524370697,0.9619271694107345,0.0066816058297048415,4,0.9736 ± 0.0053,0.9619 ± 0.0067
resnet50,EplusT,pca,128,knn,0.9758616169597771,0.006312030891989283,0.9616198812014914,0.008091801687327886,4,0.9759 ± 0.0063,0.9616 ± 0.0081
resnet50,EplusT,rp,128,logreg,0.9740810863775213,0.005523037351476543,0.9585634694652809,0.007577637939931674,4,0.9741 ± 0.0055,0.9586 ± 0.0076
resnet50,EplusT,lda,32,logreg,0.9716380678298648,0.0015731772314767102,0.9580028422121317,0.002309794481382337,4,0.9716 ± 0.0016,0.9580 ± 0.0023
efficientnet_b0,EplusT,pca,32,knn,0.9727588835818102,0.0031054729400748255,0.9579846794944804,0.0035716929363899036,4,0.9728 ± 0.0031,0.9580 ± 0.0036
resnet50,EplusT,pca,32,linearsvc,0.9698391541647189,0.0061718571799349465,0.9566295629146746,0.009063360918633877,4,0.9698 ± 0.0062,0.9566 ± 0.0091
efficientnet_b0,EplusT,rp,64,linearsvc,0.9707604139037149,0.00249025890171847,0.9554625273744702,0.003898482612445387,4,0.9708 ± 0.0025,0.9555 ± 0.0039
mobilenet_v3_small,EplusT,pca,16,logreg,0.967034961872802,0.010088660177290673,0.954180554266839,0.010286163377720444,4,0.9670 ± 0.0101,0.9542 ± 0.0103
efficientnet_b0,EplusT,lda,16,knn,0.9742495058376497,0.005769830975692026,0.9540404523358184,0.00715843626015416,4,0.9742 ± 0.0058,0.9540 ± 0.0072
efficientnet_b0,EplusT,rp,64,knn,0.9723819311959316,0.00280485722781472,0.9533733264828566,0.004682082595256749,4,0.9724 ± 0.0028,0.9534 ± 0.0047
resnet50,EplusT,pca,64,knn,0.9697213799040405,0.009285823097065373,0.9532520357229997,0.013083428610467195,4,0.9697 ± 0.0093,0.9533 ± 0.0131
efficientnet_b0,EplusT,lda,16,logreg,0.9707940627812381,0.006328045723403341,0.9520521679638512,0.005725916603568632,4,0.9708 ± 0.0063,0.9521 ± 0.0057
resnet50,EplusT,rp,128,knn,0.9702731706666978,0.0037256290654092182,0.9515709130766813,0.0004585923911696983,4,0.9703 ± 0.0037,0.9516 ± 0.0005
mobilenet_v3_small,EplusT,rp,32,knn,0.967594496855387,0.005794613669206268,0.9509244512328907,0.00802881601603685,4,0.9676 ± 0.0058,0.9509 ± 0.0080
efficientnet_b0,EplusT,lda,32,linearsvc,0.9702328887541752,0.002924784690649848,0.9497788772381799,0.0052840803359496275,4,0.9702 ± 0.0029,0.9498 ± 0.0053
mobilenet_v3_small,EplusT,lda,16,linearsvc,0.9639529554555266,0.0024892399930056806,0.9487608809175079,0.005692342800710397,4,0.9640 ± 0.0025,0.9488 ± 0.0057
efficientnet_b0,EplusT,pca,16,logreg,0.9605463272015023,0.0040230472188832155,0.9457853283487545,0.0034303731621173287,4,0.9605 ± 0.0040,0.9458 ± 0.0034
resnet50,EplusT,lda,64,linearsvc,0.9631488493673359,0.009414630762377923,0.945197365993135,0.012414689384650374,4,0.9631 ± 0.0094,0.9452 ± 0.0124
mobilenet_v3_small,EplusT,rp,32,linearsvc,0.959662874968575,0.0036782249710981063,0.9420106733070294,0.004067421867689658,4,0.9597 ± 0.0037,0.9420 ± 0.0041
resnet50,EplusT,pca,32,knn,0.9582330016562333,0.010013976946967523,0.9387023398110199,0.012440069729475284,4,0.9582 ± 0.0100,0.9387 ± 0.0124
resnet50,EplusT,rp,128,linearsvc,0.9567152107572874,0.003928901441259561,0.9383253854773714,0.005917480105849317,4,0.9567 ± 0.0039,0.9383 ± 0.0059
efficientnet_b0,EplusT,rp,32,knn,0.9574278764996837,0.001994334952873607,0.9375643152876916,0.003737542258945964,4,0.9574 ± 0.0020,0.9376 ± 0.0037
resnet50,EplusT,pca,16,logreg,0.9490100301972964,0.007964238819473729,0.9370394396873235,0.005346971476422713,4,0.9490 ± 0.0080,0.9370 ± 0.0053
efficientnet_b0,EplusT,rp,32,logreg,0.9491047796777665,0.002448636155127853,0.9335523048376249,0.008842193086984721,4,0.9491 ± 0.0024,0.9336 ± 0.0088
resnet50,EplusT,rp,64,knn,0.9545835096712958,0.008079925605882598,0.9316969464710732,0.012340420754182504,4,0.9546 ± 0.0081,0.9317 ± 0.0123
resnet50,EplusT,rp,64,logreg,0.9516555075409734,0.005379209171360889,0.9299026552317646,0.007552881686929042,4,0.9517 ± 0.0054,0.9299 ± 0.0076
mobilenet_v3_small,EplusT,pca,16,knn,0.9549954128384566,0.006661944237748344,0.9289268865475738,0.011888003507419843,4,0.9550 ± 0.0067,0.9289 ± 0.0119
efficientnet_b0,EplusT,pca,16,knn,0.9500208388141745,0.00415570992412531,0.9278194428554202,0.012365117092034212,4,0.9500 ± 0.0042,0.9278 ± 0.0124
mobilenet_v3_small,EplusT,pca,16,linearsvc,0.9463303757297096,0.011979484300423535,0.9257755761669088,0.013366170837088976,4,0.9463 ± 0.0120,0.9258 ± 0.0134
mobilenet_v3_small,EplusT,lda,8,logreg,0.9433257395188912,0.0076147079427811475,0.920023138350736,0.012365055538625625,4,0.9433 ± 0.0076,0.9200 ± 0.0124
resnet50,EplusT,lda,16,knn,0.943933905210644,0.011095599216080207,0.9183993918791331,0.007598158146225368,4,0.9439 ± 0.0111,0.9184 ± 0.0076
efficientnet_b0,EplusT,pca,16,linearsvc,0.9325358407243012,0.006095614971226381,0.9167049057972679,0.00515530309166436,4,0.9325 ± 0.0061,0.9167 ± 0.0052
mobilenet_v3_small,EplusT,lda,8,knn,0.9388010448616567,0.005463190262919065,0.9054878990257651,0.00701760649754635,4,0.9388 ± 0.0055,0.9055 ± 0.0070
efficientnet_b0,EplusT,rp,32,linearsvc,0.9240014616278989,0.007909320664662366,0.9003823524317003,0.005464495930357782,4,0.9240 ± 0.0079,0.9004 ± 0.0055
efficientnet_b0,EplusT,lda,16,linearsvc,0.9298775109215954,0.003510292842176575,0.8971346895667497,0.0042102575483720355,4,0.9299 ± 0.0035,0.8971 ± 0.0042
resnet50,EplusT,pca,16,linearsvc,0.914512464503577,0.012143032329941659,0.8963400668813386,0.011904839469057583,4,0.9145 ± 0.0121,0.8963 ± 0.0119
resnet50,EplusT,pca,16,knn,0.9278058997571456,0.006499751515130621,0.8959417922235481,0.005830220470218055,4,0.9278 ± 0.0065,0.8959 ± 0.0058
resnet50,EplusT,lda,16,logreg,0.9203205581478595,0.015113000716447954,0.8891645440306998,0.01629033807752268,4,0.9203 ± 0.0151,0.8892 ± 0.0163
resnet50,EplusT,lda,32,linearsvc,0.9170480571008031,0.01064989919166069,0.8853172026452352,0.012894784513570736,4,0.9170 ± 0.0106,0.8853 ± 0.0129
mobilenet_v3_small,EplusT,rp,16,knn,0.9179388928735012,0.00703651646964511,0.8824606237982291,0.01188598089397105,4,0.9179 ± 0.0070,0.8825 ± 0.0119
resnet50,EplusT,rp,64,linearsvc,0.911631660650011,0.006995898241886206,0.8809449930646492,0.00909341678841258,4,0.9116 ± 0.0070,0.8809 ± 0.0091
mobilenet_v3_small,EplusT,rp,16,logreg,0.900809270854865,0.00965344640891139,0.8743161713373424,0.010790194721755167,4,0.9008 ± 0.0097,0.8743 ± 0.0108
efficientnet_b0,EplusT,lda,8,knn,0.8987143280415344,0.010343301280324657,0.8583750263714849,0.01150778098545208,4,0.8987 ± 0.0103,0.8584 ± 0.0115
efficientnet_b0,EplusT,lda,8,logreg,0.8921590314845431,0.006923432092180388,0.8553984139827455,0.007856057632562443,4,0.8922 ± 0.0069,0.8554 ± 0.0079
mobilenet_v3_small,EplusT,rp,16,linearsvc,0.864067690593697,0.01111061236471305,0.8388029454768448,0.008399690722614962,4,0.8641 ± 0.0111,0.8388 ± 0.0084
mobilenet_v3_small,EplusT,pca,8,logreg,0.8659142011340047,0.010911095398667168,0.8376619665403705,0.01577277549957318,4,0.8659 ± 0.0109,0.8377 ± 0.0158
resnet50,EplusT,rp,32,knn,0.8759549360901709,0.01318834645762158,0.8306566372634913,0.0178546686475834,4,0.8760 ± 0.0132,0.8307 ± 0.0179
efficientnet_b0,EplusT,rp,16,knn,0.8756156459160612,0.012055517783771163,0.8302598429869846,0.009760951957313588,4,0.8756 ± 0.0121,0.8303 ± 0.0098
mobilenet_v3_small,EplusT,pca,8,knn,0.8561222049326971,0.0118098129635502,0.8132406536330242,0.013492240935778034,4,0.8561 ± 0.0118,0.8132 ± 0.0135
resnet50,EplusT,rp,32,logreg,0.8396854785656866,0.0062864590431359795,0.8111534244660457,0.010051684210244204,4,0.8397 ± 0.0063,0.8112 ± 0.0101
mobilenet_v3_small,EplusT,lda,8,linearsvc,0.8491805579597744,0.01532888677219905,0.8029857825310616,0.025224654949135696,4,0.8492 ± 0.0153,0.8030 ± 0.0252
efficientnet_b0,EplusT,pca,8,logreg,0.8360658366292126,0.005954439351365859,0.8008577980462899,0.0044298564715543704,4,0.8361 ± 0.0060,0.8009 ± 0.0044
efficientnet_b0,EplusT,pca,8,knn,0.8365036144288399,0.009926375996581586,0.7789197172029505,0.02010614057698028,4,0.8365 ± 0.0099,0.7789 ± 0.0201
efficientnet_b0,EplusT,rp,16,logreg,0.8082777243331026,0.004773744528035527,0.7776957800946411,0.010528560575531247,4,0.8083 ± 0.0048,0.7777 ± 0.0105
resnet50,EplusT,lda,16,linearsvc,0.8271851050664129,0.009153042104201285,0.7768718923735117,0.00539380859211605,4,0.8272 ± 0.0092,0.7769 ± 0.0054
resnet50,EplusT,pca,8,logreg,0.7996340961126872,0.012643466002102826,0.7699709931126687,0.010708861794242325,4,0.7996 ± 0.0126,0.7700 ± 0.0107
resnet50,EplusT,rp,32,linearsvc,0.8080965055916758,0.01445997392750459,0.7623655866321715,0.013661862619971665,4,0.8081 ± 0.0145,0.7624 ± 0.0137
resnet50,EplusT,lda,8,knn,0.8057075716598804,0.009891724057384872,0.7546483876639479,0.009943627309417977,4,0.8057 ± 0.0099,0.7546 ± 0.0099
efficientnet_b0,EplusT,rp,16,linearsvc,0.7800959466584221,0.013076954696830295,0.7452079069356126,0.011561448247724744,4,0.7801 ± 0.0131,0.7452 ± 0.0116
resnet50,EplusT,pca,8,knn,0.7899352331131361,0.012166293211209616,0.7301563007725042,0.012607019222303376,4,0.7899 ± 0.0122,0.7302 ± 0.0126
resnet50,EplusT,lda,8,logreg,0.7694313749918535,0.008849102221539978,0.7218722172567957,0.007503618116015637,4,0.7694 ± 0.0088,0.7219 ± 0.0075
mobilenet_v3_small,EplusT,pca,8,linearsvc,0.7604534727198597,0.010853872110796284,0.7122317865320893,0.014515552731647677,4,0.7605 ± 0.0109,0.7122 ± 0.0145
efficientnet_b0,EplusT,lda,8,linearsvc,0.7434610493850806,0.002250749129020233,0.6846784525495887,0.009559985535543398,4,0.7435 ± 0.0023,0.6847 ± 0.0096
efficientnet_b0,EplusT,pca,8,linearsvc,0.719043419400251,0.00776192383826521,0.664840218952206,0.008008751598637126,4,0.7190 ± 0.0078,0.6648 ± 0.0080
resnet50,EplusT,pca,8,linearsvc,0.6812381112895933,0.012368788938705877,0.6275986962194682,0.01533617518613661,4,0.6812 ± 0.0124,0.6276 ± 0.0153
resnet50,EplusT,rp,16,knn,0.6359475603118301,0.007703004855507491,0.5632310807141515,0.01240752684065891,4,0.6359 ± 0.0077,0.5632 ± 0.0124
mobilenet_v3_small,EplusT,rp,8,logreg,0.5825342415487175,0.007085172592821769,0.5492243625220717,0.014403750923547454,4,0.5825 ± 0.0071,0.5492 ± 0.0144
mobilenet_v3_small,EplusT,rp,8,knn,0.6028780519122007,0.010178462048201442,0.5445241961921677,0.015350412248187504,4,0.6029 ± 0.0102,0.5445 ± 0.0154
resnet50,EplusT,lda,8,linearsvc,0.6072374599039626,0.023662468021709408,0.536820343605515,0.013789646087237324,4,0.6072 ± 0.0237,0.5368 ± 0.0138
resnet50,EplusT,rp,16,logreg,0.5702810353163652,0.015098886691604438,0.5240057941768537,0.013648309886993303,4,0.5703 ± 0.0151,0.5240 ± 0.0136
resnet50,EplusT,rp,16,linearsvc,0.5712056198363558,0.01906375626919496,0.5237851905753055,0.019456975622591285,4,0.5712 ± 0.0191,0.5238 ± 0.0195
efficientnet_b0,EplusT,rp,8,knn,0.5748681024551764,0.008697187237004593,0.497430671842168,0.01609157860826355,4,0.5749 ± 0.0087,0.4974 ± 0.0161
efficientnet_b0,EplusT,rp,8,logreg,0.5382760686299457,0.004831622421862909,0.49189660910976774,0.007337054705464556,4,0.5383 ± 0.0048,0.4919 ± 0.0073
mobilenet_v3_small,EplusT,rp,8,linearsvc,0.5062899974865642,0.010308206268371383,0.4540307700049873,0.016134758438991488,4,0.5063 ± 0.0103,0.4540 ± 0.0161
efficientnet_b0,EplusT,rp,8,linearsvc,0.459306879184597,0.006664013129618489,0.39676632261937783,0.012975470436924801,4,0.4593 ± 0.0067,0.3968 ± 0.0130
resnet50,EplusT,rp,8,logreg,0.29204320446213716,0.010046629279759245,0.2620907487965965,0.007303222885526542,4,0.2920 ± 0.0100,0.2621 ± 0.0073
resnet50,EplusT,rp,8,knn,0.24892950107234568,0.01841120284932273,0.20017641936023006,0.012902111389664564,4,0.2489 ± 0.0184,0.2002 ± 0.0129
resnet50,EplusT,rp,8,linearsvc,0.24730615274931228,0.014541336964537592,0.1970049284731194,0.007621122420206194,4,0.2473 ± 0.0145,0.1970 ± 0.0076
mobilenet_v3_small,EplusT,lda,1,logreg,0.06392574744559115,0.010810211081481436,0.03708558241332459,0.0048200061064216536,4,0.0639 ± 0.0108,0.0371 ± 0.0048
efficientnet_b0,EplusT,lda,1,logreg,0.0620718370854399,0.005923886680017565,0.03253715950126762,0.005545313056662418,4,0.0621 ± 0.0059,0.0325 ± 0.0055
resnet50,EplusT,lda,1,logreg,0.05303963607923626,0.008600740642452963,0.027559061525446366,0.0033502462285895504,4,0.0530 ± 0.0086,0.0276 ± 0.0034
mobilenet_v3_small,EplusT,pca,1,logreg,0.030613306737916693,0.006222864483016977,0.022313710813922645,0.0043530546490583655,4,0.0306 ± 0.0062,0.0223 ± 0.0044
resnet50,EplusT,pca,1,logreg,0.03153669648328254,0.007047606816095571,0.02088992804781855,0.006174612384551792,4,0.0315 ± 0.0070,0.0209 ± 0.0062
efficientnet_b0,EplusT,pca,1,logreg,0.03471718238603911,0.0033945093893156526,0.02031524224726038,0.003292634229901613,4,0.0347 ± 0.0034,0.0203 ± 0.0033
efficientnet_b0,EplusT,rp,1,logreg,0.0226630265790164,0.0018133372475001963,0.016438981349308573,0.0009099953830954042,4,0.0227 ± 0.0018,0.0164 ± 0.0009
mobilenet_v3_small,EplusT,rp,1,logreg,0.020738127644564286,0.004503042007807816,0.01586075127297392,0.0037386490968337803,4,0.0207 ± 0.0045,0.0159 ± 0.0037
resnet50,EplusT,rp,1,logreg,0.010966567181594505,0.0023993962680949822,0.007635944254889047,0.0011255792507693298,4,0.0110 ± 0.0024,0.0076 ± 0.0011
resnet50,EplusT,lda,1,linearsvc,0.022350238766691743,0.0022220970380190503,0.005981140385170223,0.0006441654977187374,4,0.0224 ± 0.0022,0.0060 ± 0.0006
efficientnet_b0,EplusT,pca,1,linearsvc,0.019511310198678272,0.0013938875463797176,0.005645263266053047,0.0007324812278157089,4,0.0195 ± 0.0014,0.0056 ± 0.0007
efficientnet_b0,EplusT,lda,1,linearsvc,0.023143253828947608,0.005503170660077316,0.005474721204440706,0.000661225200169022,4,0.0231 ± 0.0055,0.0055 ± 0.0007
mobilenet_v3_small,EplusT,rp,1,linearsvc,0.019601448640713594,0.0019776180101217056,0.005318071832160735,0.00031913042635390974,4,0.0196 ± 0.0020,0.0053 ± 0.0003
efficientnet_b0,EplusT,rp,1,linearsvc,0.015606286117018453,0.0025961478236744906,0.004607947054461788,0.0002647816482848717,4,0.0156 ± 0.0026,0.0046 ± 0.0003
mobilenet_v3_small,EplusT,pca,1,linearsvc,0.01715179705805784,0.0024983327234828112,0.004547568455134502,0.0007159354369642001,4,0.0172 ± 0.0025,0.0045 ± 0.0007
resnet50,EplusT,pca,1,linearsvc,0.01860454985630811,0.002452812567152802,0.0042714004234045986,0.000901305467523893,4,0.0186 ± 0.0025,0.0043 ± 0.0009
mobilenet_v3_small,EplusT,lda,1,linearsvc,0.02041956404430925,0.0041120452575682965,0.00399152935127694,0.001057274113431616,4,0.0204 ± 0.0041,0.0040 ± 0.0011
resnet50,EplusT,rp,1,linearsvc,0.014490586744210646,0.002822913718911556,0.002714801493209555,0.0007038264917409943,4,0.0145 ± 0.0028,0.0027 ± 0.0007
efficientnet_b0,EplusT,lda,1,knn,0.012161612452221752,0.0011814103354724592,0.0002364058093472647,5.0165364093010303e-05,4,0.0122 ± 0.0012,0.0002 ± 0.0001
mobilenet_v3_small,EplusT,lda,1,knn,0.008786564773954456,0.00258497426617572,0.00013903428677777154,4.1383811381225804e-05,4,0.0088 ± 0.0026,0.0001 ± 0.0000
resnet50,EplusT,lda,1,knn,0.008421553401714545,0.002933953013404689,0.00013683642075866078,4.9472992604781704e-05,4,0.0084 ± 0.0029,0.0001 ± 0.0000
mobilenet_v3_small,EplusT,pca,1,knn,0.008362696806800018,0.003302590712989231,0.00012937831375268508,5.578288636488676e-05,4,0.0084 ± 0.0033,0.0001 ± 0.0001
efficientnet_b0,EplusT,pca,1,knn,0.008608379097334029,0.005771958717673606,0.00012755824501574795,8.626703573067629e-05,4,0.0086 ± 0.0058,0.0001 ± 0.0001
resnet50,EplusT,pca,1,knn,0.008236244361956876,0.003188786534722217,0.00012331137558401454,4.906482910712008e-05,4,0.0082 ± 0.0032,0.0001 ± 0.0000
mobilenet_v3_small,EplusT,rp,1,knn,0.007864599954717694,0.0015997948099739732,0.00010067630246508437,3.3954205675155706e-05,4,0.0079 ± 0.0016,0.0001 ± 0.0000
efficientnet_b0,EplusT,rp,1,knn,0.0061370584497132605,0.002330635179097539,7.505187901791313e-05,2.5182236908251037e-05,4,0.0061 ± 0.0023,0.0001 ± 0.0000
resnet50,EplusT,rp,1,knn,0.005068128730127441,0.002267813217701005,7.437616995794704e-05,3.3680864014385865e-05,4,0.0051 ± 0.0023,0.0001 ± 0.0000
