fold,backbone,feature,dr,k,clf,accuracy,macro_f1
1,resnet50,EplusT,pca,1,linearsvc,0.019622641509433963,0.004838008879020137
1,resnet50,EplusT,pca,1,logreg,0.02339622641509434,0.01415306978085273
1,resnet50,EplusT,pca,1,knn,0.012830188679245283,0.00019263269508928906
1,resnet50,EplusT,pca,8,linearsvc,0.6732075471698113,0.6251153964099472
1,resnet50,EplusT,pca,8,logreg,0.7833962264150943,0.7582027033892128
1,resnet50,EplusT,pca,8,knn,0.7773584905660378,0.7181585526555722
1,resnet50,EplusT,pca,32,linearsvc,0.9622641509433962,0.9504892819342244
1,resnet50,EplusT,pca,32,logreg,0.9728301886792453,0.9621395603761002
1,resnet50,EplusT,pca,32,knn,0.9456603773584905,0.9257245715498164
1,resnet50,EplusT,pca,16,linearsvc,0.8966037735849056,0.8790637662824463
1,resnet50,EplusT,pca,16,logreg,0.939622641509434,0.9295577096601546
1,resnet50,EplusT,pca,16,knn,0.9192452830188679,0.8874533571838205
1,resnet50,EplusT,pca,64,linearsvc,0.9781132075471698,0.9653149525220804
1,resnet50,EplusT,pca,64,logreg,0.9818867924528302,0.9737969715850872
1,resnet50,EplusT,pca,64,knn,0.9622641509433962,0.946782498187279
1,resnet50,EplusT,pca,128,linearsvc,0.9803773584905661,0.9713550073339412
1,resnet50,EplusT,pca,128,logreg,0.9864150943396226,0.9799873189952258
1,resnet50,EplusT,pca,128,knn,0.9713207547169811,0.956051967981292
1,resnet50,EplusT,lda,1,linearsvc,0.021132075471698115,0.005505166475315728
1,resnet50,EplusT,lda,1,logreg,0.06566037735849056,0.03201172249957379
1,resnet50,EplusT,lda,1,knn,0.012075471698113207,0.00019579610872487874
1,resnet50,EplusT,lda,8,linearsvc,0.5901886792452831,0.5327672721916087
1,resnet50,EplusT,lda,8,logreg,0.76,0.7138761637010632
1,resnet50,EplusT,lda,8,knn,0.8,0.7526480517516051
1,resnet50,EplusT,lda,16,linearsvc,0.8150943396226416,0.7692631499559939
1,resnet50,EplusT,lda,16,logreg,0.9056603773584906,0.8721918344847167
1,resnet50,EplusT,lda,16,knn,0.9275471698113208,0.907378185968633
1,resnet50,EplusT,lda,32,linearsvc,0.9033962264150943,0.8702096112450075
1,resnet50,EplusT,lda,32,logreg,0.970566037735849,0.9610020517258038
1,resnet50,EplusT,lda,32,knn,0.9743396226415094,0.9645229623783943
1,resnet50,EplusT,lda,64,linearsvc,0.9524528301886792,0.9332039304510916
1,resnet50,EplusT,lda,64,logreg,0.9826415094339622,0.971731239507946
1,resnet50,EplusT,lda,64,knn,0.9826415094339622,0.9736149151302802
1,resnet50,EplusT,lda,128,linearsvc,0.9683018867924529,0.9583642851521859
1,resnet50,EplusT,lda,128,logreg,0.9856603773584905,0.978848502781702
1,resnet50,EplusT,lda,128,knn,0.9849056603773585,0.9734734710238783
1,resnet50,EplusT,lda,267,linearsvc,0.9856603773584905,0.9766386997965091
1,resnet50,EplusT,lda,267,logreg,0.9886792452830189,0.9829945780375268
1,resnet50,EplusT,lda,267,knn,0.9879245283018868,0.9794256716863511
1,resnet50,EplusT,rp,1,linearsvc,0.01660377358490566,0.0028792202516947966
1,resnet50,EplusT,rp,1,logreg,0.012830188679245283,0.00797178882837546
1,resnet50,EplusT,rp,1,knn,0.007547169811320755,0.00011156243379880187
1,resnet50,EplusT,rp,8,linearsvc,0.2339622641509434,0.1906644534515494
1,resnet50,EplusT,rp,8,logreg,0.2890566037735849,0.2615496538209791
1,resnet50,EplusT,rp,8,knn,0.23018867924528302,0.18846588859030522
1,resnet50,EplusT,rp,16,linearsvc,0.5539622641509434,0.5122331838848747
1,resnet50,EplusT,rp,16,logreg,0.5637735849056604,0.5182620846491182
1,resnet50,EplusT,rp,16,knn,0.6271698113207547,0.5591380423572849
1,resnet50,EplusT,rp,32,linearsvc,0.790188679245283,0.7468757179882873
1,resnet50,EplusT,rp,32,logreg,0.840754716981132,0.8125282331223848
1,resnet50,EplusT,rp,32,knn,0.859622641509434,0.8122090869611779
1,resnet50,EplusT,rp,64,linearsvc,0.909433962264151,0.8810734285126464
1,resnet50,EplusT,rp,64,logreg,0.9479245283018868,0.9281698246758328
1,resnet50,EplusT,rp,64,knn,0.950188679245283,0.9295499490172797
1,resnet50,EplusT,pca,256,linearsvc,0.9811320754716981,0.9691715408181033
1,resnet50,EplusT,pca,256,logreg,0.9864150943396226,0.9794282264350403
1,resnet50,EplusT,pca,256,knn,0.9750943396226415,0.96332614762216
1,resnet50,EplusT,rp,128,linearsvc,0.9516981132075472,0.9368074907219657
1,resnet50,EplusT,rp,128,logreg,0.9683018867924529,0.9523545406138356
1,resnet50,EplusT,rp,128,knn,0.9652830188679246,0.9514283853544799
1,efficientnet_b0,EplusT,pca,8,linearsvc,0.7184905660377359,0.6688264439148178
1,efficientnet_b0,EplusT,pca,8,logreg,0.8286792452830188,0.7965543805198984
1,efficientnet_b0,EplusT,pca,8,knn,0.8422641509433962,0.7928055216622356
1,efficientnet_b0,EplusT,pca,1,linearsvc,0.019622641509433963,0.00467478726337316
1,efficientnet_b0,EplusT,pca,1,logreg,0.03169811320754717,0.016830227084333405
1,efficientnet_b0,EplusT,pca,1,knn,0.01509433962264151,0.0002307102482849407
1,efficientnet_b0,EplusT,pca,32,linearsvc,0.9758490566037736,0.9638947015714495
1,efficientnet_b0,EplusT,pca,32,logreg,0.979622641509434,0.9715803889311354
1,efficientnet_b0,EplusT,pca,32,knn,0.9750943396226415,0.9615252946903519
1,efficientnet_b0,EplusT,pca,16,linearsvc,0.930566037735849,0.9156237357054492
1,efficientnet_b0,EplusT,pca,16,logreg,0.9584905660377359,0.945095261911711
1,efficientnet_b0,EplusT,pca,16,knn,0.9539622641509434,0.9384856124393143
1,efficientnet_b0,EplusT,pca,64,linearsvc,0.9871698113207548,0.9780918261279612
1,efficientnet_b0,EplusT,pca,64,logreg,0.9879245283018868,0.9806360513450065
1,efficientnet_b0,EplusT,pca,64,knn,0.9818867924528302,0.9711488349877287
1,efficientnet_b0,EplusT,pca,128,linearsvc,0.9886792452830189,0.9815497077690368
1,efficientnet_b0,EplusT,pca,128,logreg,0.9894339622641509,0.981518005212035
1,efficientnet_b0,EplusT,pca,128,knn,0.9864150943396226,0.9759052191038678
1,efficientnet_b0,EplusT,lda,1,linearsvc,0.018867924528301886,0.005092207534087786
1,efficientnet_b0,EplusT,lda,1,logreg,0.06943396226415094,0.03994513112224575
1,efficientnet_b0,EplusT,lda,1,knn,0.013584905660377358,0.0002579421423357266
1,efficientnet_b0,EplusT,lda,8,linearsvc,0.7449056603773585,0.6864527390532976
1,efficientnet_b0,EplusT,lda,8,logreg,0.8867924528301887,0.8507131971775874
1,efficientnet_b0,EplusT,lda,8,knn,0.8867924528301887,0.8463645022916199
1,efficientnet_b0,EplusT,lda,16,linearsvc,0.9267924528301886,0.8972055419626003
1,efficientnet_b0,EplusT,lda,16,logreg,0.9615094339622642,0.944850976714804
1,efficientnet_b0,EplusT,lda,16,knn,0.9675471698113207,0.9567214113438018
1,efficientnet_b0,EplusT,lda,32,linearsvc,0.9660377358490566,0.9455180115257128
1,efficientnet_b0,EplusT,lda,32,logreg,0.9841509433962264,0.9735886723544762
1,efficientnet_b0,EplusT,lda,32,knn,0.9841509433962264,0.9771954852567237
1,efficientnet_b0,EplusT,lda,64,linearsvc,0.9788679245283018,0.9684583563786813
1,efficientnet_b0,EplusT,lda,64,logreg,0.9894339622641509,0.9879488557329582
1,efficientnet_b0,EplusT,lda,64,knn,0.9879245283018868,0.9826023540196064
1,efficientnet_b0,EplusT,lda,128,linearsvc,0.9841509433962264,0.9773802574313178
1,efficientnet_b0,EplusT,lda,128,logreg,0.9894339622641509,0.9841178100506459
1,efficientnet_b0,EplusT,lda,128,knn,0.9879245283018868,0.9823493695150857
1,efficientnet_b0,EplusT,pca,256,linearsvc,0.9894339622641509,0.9829837658195868
1,efficientnet_b0,EplusT,pca,256,logreg,0.9909433962264151,0.9830178113760202
1,efficientnet_b0,EplusT,pca,256,knn,0.9864150943396226,0.9764561138792921
1,efficientnet_b0,EplusT,rp,1,linearsvc,0.018867924528301886,0.004998598158486818
1,efficientnet_b0,EplusT,rp,1,logreg,0.024150943396226414,0.015710767622768934
1,efficientnet_b0,EplusT,rp,1,knn,0.0030188679245283017,4.5077964825773585e-05
1,efficientnet_b0,EplusT,lda,267,linearsvc,0.9886792452830189,0.9837501486259982
1,efficientnet_b0,EplusT,lda,267,logreg,0.9894339622641509,0.9841106334245866
1,efficientnet_b0,EplusT,lda,267,knn,0.9894339622641509,0.9841148925492652
1,efficientnet_b0,EplusT,rp,16,linearsvc,0.780377358490566,0.7407194137879012
1,efficientnet_b0,EplusT,rp,16,logreg,0.8030188679245283,0.7693170098602684
1,efficientnet_b0,EplusT,rp,16,knn,0.8671698113207548,0.8321833864718409
1,efficientnet_b0,EplusT,rp,8,linearsvc,0.4520754716981132,0.40111939092402654
1,efficientnet_b0,EplusT,rp,8,logreg,0.5343396226415095,0.49869099813778844
1,efficientnet_b0,EplusT,rp,8,knn,0.569811320754717,0.4973354217725811
1,efficientnet_b0,EplusT,rp,32,linearsvc,0.9147169811320754,0.8932798112453953
1,efficientnet_b0,EplusT,rp,32,logreg,0.9486792452830188,0.9412445935472724
1,efficientnet_b0,EplusT,rp,32,knn,0.9562264150943396,0.9353804858886872
1,efficientnet_b0,EplusT,rp,64,linearsvc,0.9683018867924529,0.9568736545379155
1,efficientnet_b0,EplusT,rp,64,logreg,0.979622641509434,0.9696377992855564
1,efficientnet_b0,EplusT,rp,64,knn,0.9743396226415094,0.9582065959919162
1,efficientnet_b0,EplusT,rp,128,linearsvc,0.9833962264150944,0.974332659776533
1,efficientnet_b0,EplusT,rp,128,logreg,0.9871698113207548,0.9813491859621486
1,efficientnet_b0,EplusT,rp,128,knn,0.9818867924528302,0.969339207984736
1,mobilenet_v3_small,EplusT,pca,8,linearsvc,0.7667924528301887,0.7239422532225996
1,mobilenet_v3_small,EplusT,pca,8,logreg,0.8716981132075472,0.8509156798311945
1,mobilenet_v3_small,EplusT,pca,8,knn,0.8528301886792453,0.8170783292279854
1,mobilenet_v3_small,EplusT,pca,1,linearsvc,0.013584905660377358,0.005097138062744812
1,mobilenet_v3_small,EplusT,pca,1,logreg,0.03471698113207547,0.026130586691212352
1,mobilenet_v3_small,EplusT,pca,1,knn,0.012075471698113207,0.0001871714302979032
1,mobilenet_v3_small,EplusT,pca,32,linearsvc,0.9826415094339622,0.9722733290051163
1,mobilenet_v3_small,EplusT,pca,32,logreg,0.9871698113207548,0.9785296313396911
1,mobilenet_v3_small,EplusT,pca,32,knn,0.9781132075471698,0.9635318967533585
1,mobilenet_v3_small,EplusT,pca,16,linearsvc,0.9373584905660377,0.9176020079698032
1,mobilenet_v3_small,EplusT,pca,16,logreg,0.9584905660377359,0.9485511180899604
1,mobilenet_v3_small,EplusT,pca,16,knn,0.9539622641509434,0.9354746371546959
1,mobilenet_v3_small,EplusT,pca,64,linearsvc,0.9871698113207548,0.982120041606815
1,mobilenet_v3_small,EplusT,pca,64,logreg,0.9924528301886792,0.9867369087518342
1,mobilenet_v3_small,EplusT,pca,64,knn,0.9818867924528302,0.9725481270288175
1,mobilenet_v3_small,EplusT,pca,128,linearsvc,0.990188679245283,0.9857455806314455
1,mobilenet_v3_small,EplusT,pca,128,logreg,0.9909433962264151,0.9846745708686007
1,mobilenet_v3_small,EplusT,pca,128,knn,0.9841509433962264,0.97491879249247
1,mobilenet_v3_small,EplusT,lda,1,linearsvc,0.02490566037735849,0.005293818149453054
1,mobilenet_v3_small,EplusT,lda,1,logreg,0.06792452830188679,0.03429399182233611
1,mobilenet_v3_small,EplusT,lda,1,knn,0.009056603773584906,0.00014546100038499924
1,mobilenet_v3_small,EplusT,lda,8,linearsvc,0.8566037735849057,0.8156512538311375
1,mobilenet_v3_small,EplusT,lda,8,logreg,0.9441509433962264,0.9255838817014966
1,mobilenet_v3_small,EplusT,lda,8,knn,0.940377358490566,0.9049867034974585
1,mobilenet_v3_small,EplusT,lda,16,linearsvc,0.9645283018867925,0.9527890028121071
1,mobilenet_v3_small,EplusT,lda,16,logreg,0.9811320754716981,0.9715103980477877
1,mobilenet_v3_small,EplusT,lda,16,knn,0.9826415094339622,0.9724762596146775
1,mobilenet_v3_small,EplusT,lda,32,linearsvc,0.9818867924528302,0.9752325384425434
1,mobilenet_v3_small,EplusT,lda,32,logreg,0.9924528301886792,0.9907529452305571
1,mobilenet_v3_small,EplusT,lda,32,knn,0.9894339622641509,0.9836196523647427
1,mobilenet_v3_small,EplusT,lda,64,linearsvc,0.9932075471698113,0.9890849126434358
1,mobilenet_v3_small,EplusT,lda,64,logreg,0.9947169811320755,0.9935930735930737
1,mobilenet_v3_small,EplusT,lda,64,knn,0.9916981132075472,0.9872694229921252
1,mobilenet_v3_small,EplusT,lda,128,linearsvc,0.9894339622641509,0.9845274543035736
1,mobilenet_v3_small,EplusT,lda,128,logreg,0.9939622641509434,0.992735887661261
1,mobilenet_v3_small,EplusT,lda,128,knn,0.9924528301886792,0.9870802137512068
1,mobilenet_v3_small,EplusT,pca,256,linearsvc,0.9924528301886792,0.9868863777364753
1,mobilenet_v3_small,EplusT,pca,256,logreg,0.9909433962264151,0.9844461976843548
1,mobilenet_v3_small,EplusT,pca,256,knn,0.9856603773584905,0.9760099277253964
1,mobilenet_v3_small,EplusT,rp,1,linearsvc,0.017358490566037735,0.004866202191993007
1,mobilenet_v3_small,EplusT,rp,1,logreg,0.017358490566037735,0.011105277376701583
1,mobilenet_v3_small,EplusT,rp,1,knn,0.009811320754716982,0.00014435739852772337
1,mobilenet_v3_small,EplusT,rp,8,linearsvc,0.5147169811320754,0.47115823594591877
1,mobilenet_v3_small,EplusT,rp,8,logreg,0.5901886792452831,0.570424398054106
1,mobilenet_v3_small,EplusT,rp,8,knn,0.5992452830188679,0.5432484312494793
1,mobilenet_v3_small,EplusT,rp,16,linearsvc,0.8633962264150944,0.8402732399403655
1,mobilenet_v3_small,EplusT,rp,16,logreg,0.8958490566037736,0.8755814148462251
1,mobilenet_v3_small,EplusT,rp,16,knn,0.9192452830188679,0.8830495495066558
1,mobilenet_v3_small,EplusT,rp,32,linearsvc,0.9592452830188679,0.9430246290029622
1,mobilenet_v3_small,EplusT,rp,32,logreg,0.9683018867924529,0.954071154829568
1,mobilenet_v3_small,EplusT,rp,32,knn,0.9615094339622642,0.945994409282513
1,mobilenet_v3_small,EplusT,rp,64,linearsvc,0.9833962264150944,0.9767635021514054
1,mobilenet_v3_small,EplusT,rp,64,logreg,0.9864150943396226,0.9810107217921088
1,mobilenet_v3_small,EplusT,rp,64,knn,0.9781132075471698,0.9621721297240738
1,mobilenet_v3_small,EplusT,rp,128,linearsvc,0.9894339622641509,0.9838311807692844
1,mobilenet_v3_small,EplusT,rp,128,logreg,0.9894339622641509,0.9859598936815793
1,mobilenet_v3_small,EplusT,rp,128,knn,0.9849056603773585,0.9758121308939199
1,mobilenet_v3_small,EplusT,lda,267,linearsvc,0.9916981132075472,0.9864926588807185
1,mobilenet_v3_small,EplusT,lda,267,logreg,0.9939622641509434,0.9895457776054791
1,mobilenet_v3_small,EplusT,lda,267,knn,0.9924528301886792,0.9873312011371713
2,resnet50,EplusT,pca,1,linearsvc,0.0196078431372549,0.004427105406568516
2,resnet50,EplusT,pca,1,logreg,0.04,0.026358006535841784
2,resnet50,EplusT,pca,1,knn,0.005490196078431373,7.943098267420799e-05
2,resnet50,EplusT,pca,8,linearsvc,0.6729411764705883,0.6149949798256128
2,resnet50,EplusT,pca,8,logreg,0.8054901960784314,0.7779681854818019
2,resnet50,EplusT,pca,8,knn,0.7866666666666666,0.723394252774374
2,resnet50,EplusT,pca,32,linearsvc,0.9686274509803922,0.9478531172258658
2,resnet50,EplusT,pca,32,logreg,0.967843137254902,0.9511088268661858
2,resnet50,EplusT,pca,32,knn,0.9576470588235294,0.9349322462147654
2,resnet50,EplusT,pca,16,linearsvc,0.9223529411764706,0.903219332848253
2,resnet50,EplusT,pca,16,logreg,0.956078431372549,0.9402114473125517
2,resnet50,EplusT,pca,16,knn,0.9262745098039216,0.8967893906032163
2,resnet50,EplusT,pca,64,linearsvc,0.9819607843137255,0.9692770821946922
2,resnet50,EplusT,pca,64,logreg,0.9803921568627451,0.967356203141518
2,resnet50,EplusT,pca,64,knn,0.9670588235294117,0.9478806536100562
2,resnet50,EplusT,pca,128,linearsvc,0.9796078431372549,0.9623368203542987
2,resnet50,EplusT,pca,128,logreg,0.9835294117647059,0.9749858172943405
2,resnet50,EplusT,pca,128,knn,0.9749019607843137,0.9579743018175855
2,resnet50,EplusT,lda,1,linearsvc,0.022745098039215685,0.006858389657406909
2,resnet50,EplusT,lda,1,logreg,0.050980392156862744,0.02612078820826115
2,resnet50,EplusT,lda,1,knn,0.007058823529411765,0.00010222647095102997
2,resnet50,EplusT,lda,8,linearsvc,0.6125490196078431,0.542308483520939
2,resnet50,EplusT,lda,8,logreg,0.7647058823529411,0.7172776038091296
2,resnet50,EplusT,lda,8,knn,0.8054901960784314,0.7601264471367616
2,resnet50,EplusT,lda,16,linearsvc,0.8250980392156863,0.7791561741537182
2,resnet50,EplusT,lda,16,logreg,0.912156862745098,0.8852291218250157
2,resnet50,EplusT,lda,16,knn,0.9490196078431372,0.9203239587937363
2,resnet50,EplusT,lda,32,linearsvc,0.9152941176470588,0.880933158066852
2,resnet50,EplusT,lda,32,logreg,0.9701960784313726,0.9578084475839943
2,resnet50,EplusT,lda,32,knn,0.9780392156862745,0.9662395276470462
2,resnet50,EplusT,lda,64,linearsvc,0.967843137254902,0.9515562806954149
2,resnet50,EplusT,lda,64,logreg,0.9850980392156863,0.9773221608588255
2,resnet50,EplusT,lda,64,knn,0.9882352941176471,0.9809474936340609
2,resnet50,EplusT,lda,128,linearsvc,0.9772549019607844,0.9684637957399153
2,resnet50,EplusT,lda,128,logreg,0.9882352941176471,0.9798841291378605
2,resnet50,EplusT,lda,128,knn,0.9905882352941177,0.9821275117916909
2,resnet50,EplusT,lda,267,linearsvc,0.9882352941176471,0.9821069721420908
2,resnet50,EplusT,lda,267,logreg,0.9898039215686274,0.9836410691003825
2,resnet50,EplusT,lda,267,knn,0.9898039215686274,0.983139970739897
2,resnet50,EplusT,rp,1,linearsvc,0.01647058823529412,0.003009817875112837
2,resnet50,EplusT,rp,1,logreg,0.009411764705882352,0.00784120816738051
2,resnet50,EplusT,rp,1,knn,0.002352941176470588,3.468510889188109e-05
2,resnet50,EplusT,rp,8,linearsvc,0.24,0.19406687965208538
2,resnet50,EplusT,rp,8,logreg,0.28549019607843135,0.2543301654678209
2,resnet50,EplusT,rp,8,knn,0.23607843137254902,0.1908896969987725
2,resnet50,EplusT,rp,16,linearsvc,0.5772549019607843,0.5313168523904862
2,resnet50,EplusT,rp,16,logreg,0.5741176470588235,0.5349959651695155
2,resnet50,EplusT,rp,16,knn,0.6321568627450981,0.5618761624148341
2,resnet50,EplusT,rp,32,linearsvc,0.8180392156862745,0.7784709275683532
2,resnet50,EplusT,rp,32,logreg,0.8431372549019608,0.8193417531202957
2,resnet50,EplusT,rp,32,knn,0.8713725490196078,0.818999790791471
2,resnet50,EplusT,rp,64,linearsvc,0.9098039215686274,0.8748082477698715
2,resnet50,EplusT,rp,64,logreg,0.9505882352941176,0.924431958207835
2,resnet50,EplusT,rp,64,knn,0.952156862745098,0.9268543131531788
2,resnet50,EplusT,rp,128,linearsvc,0.9568627450980393,0.9346437258188427
2,resnet50,EplusT,rp,128,logreg,0.9709803921568627,0.9537346467499302
2,resnet50,EplusT,rp,128,knn,0.9725490196078431,0.9521741421975378
2,resnet50,EplusT,pca,256,linearsvc,0.9827450980392157,0.9717621178245688
2,resnet50,EplusT,pca,256,logreg,0.9874509803921568,0.9772139730228543
2,resnet50,EplusT,pca,256,knn,0.9749019607843137,0.9609853864309528
2,efficientnet_b0,EplusT,pca,8,linearsvc,0.7247058823529412,0.6671699613783204
2,efficientnet_b0,EplusT,pca,8,logreg,0.84,0.8047027723943974
2,efficientnet_b0,EplusT,pca,8,knn,0.8243137254901961,0.7553410190168894
2,efficientnet_b0,EplusT,pca,1,linearsvc,0.0196078431372549,0.005568154422729611
2,efficientnet_b0,EplusT,pca,1,logreg,0.0392156862745098,0.02326315982615154
2,efficientnet_b0,EplusT,pca,1,knn,0.003137254901960784,4.822420674196279e-05
2,efficientnet_b0,EplusT,pca,32,linearsvc,0.9850980392156863,0.981469966506622
2,efficientnet_b0,EplusT,pca,32,logreg,0.984313725490196,0.9791480289730139
2,efficientnet_b0,EplusT,pca,32,knn,0.971764705882353,0.9538061021994297
2,efficientnet_b0,EplusT,pca,16,linearsvc,0.9388235294117647,0.924090778575033
2,efficientnet_b0,EplusT,pca,16,logreg,0.9584313725490196,0.9432211674215579
2,efficientnet_b0,EplusT,pca,16,knn,0.9443137254901961,0.9114266599393107
2,efficientnet_b0,EplusT,pca,64,linearsvc,0.9866666666666667,0.984784328441045
2,efficientnet_b0,EplusT,pca,64,logreg,0.9913725490196078,0.9880307710531592
2,efficientnet_b0,EplusT,pca,64,knn,0.9733333333333334,0.9585937208094801
2,efficientnet_b0,EplusT,pca,128,linearsvc,0.9913725490196078,0.9833467527497379
2,efficientnet_b0,EplusT,pca,128,logreg,0.9913725490196078,0.9871829260235526
2,efficientnet_b0,EplusT,pca,128,knn,0.9780392156862745,0.9650154810558675
2,efficientnet_b0,EplusT,lda,1,linearsvc,0.023529411764705882,0.004965567481625802
2,efficientnet_b0,EplusT,lda,1,logreg,0.05647058823529412,0.02650639503559282
2,efficientnet_b0,EplusT,lda,1,knn,0.010980392156862745,0.00016125063958108798
2,efficientnet_b0,EplusT,lda,8,linearsvc,0.7403921568627451,0.6798034262907073
2,efficientnet_b0,EplusT,lda,8,logreg,0.8933333333333333,0.8605124780364236
2,efficientnet_b0,EplusT,lda,8,knn,0.8980392156862745,0.8601132563135994
2,efficientnet_b0,EplusT,lda,16,linearsvc,0.9286274509803921,0.891207035872895
2,efficientnet_b0,EplusT,lda,16,logreg,0.9741176470588235,0.9531895328985646
2,efficientnet_b0,EplusT,lda,16,knn,0.9749019607843137,0.9486016983942797
2,efficientnet_b0,EplusT,lda,32,linearsvc,0.9725490196078431,0.9549565524659098
2,efficientnet_b0,EplusT,lda,32,logreg,0.9874509803921568,0.9778216313382554
2,efficientnet_b0,EplusT,lda,32,knn,0.9898039215686274,0.9811692129872647
2,efficientnet_b0,EplusT,lda,64,linearsvc,0.984313725490196,0.9723365187149209
2,efficientnet_b0,EplusT,lda,64,logreg,0.9898039215686274,0.9830561059270454
2,efficientnet_b0,EplusT,lda,64,knn,0.9905882352941177,0.9833998298550538
2,efficientnet_b0,EplusT,lda,128,linearsvc,0.9819607843137255,0.9696316927029465
2,efficientnet_b0,EplusT,lda,128,logreg,0.9921568627450981,0.9855215265663027
2,efficientnet_b0,EplusT,lda,128,knn,0.9905882352941177,0.984361741078159
2,efficientnet_b0,EplusT,pca,256,linearsvc,0.9921568627450981,0.9861983373177403
2,efficientnet_b0,EplusT,pca,256,logreg,0.9945098039215686,0.991042499286111
2,efficientnet_b0,EplusT,pca,256,knn,0.9819607843137255,0.9675254922621033
2,efficientnet_b0,EplusT,rp,1,linearsvc,0.012549019607843137,0.004422513411022888
2,efficientnet_b0,EplusT,rp,1,logreg,0.02431372549019608,0.016305152518705495
2,efficientnet_b0,EplusT,rp,1,knn,0.008627450980392156,6.383324435365939e-05
2,efficientnet_b0,EplusT,lda,267,linearsvc,0.9905882352941177,0.9845905902650047
2,efficientnet_b0,EplusT,lda,267,logreg,0.9921568627450981,0.9866524266875452
2,efficientnet_b0,EplusT,lda,267,knn,0.9929411764705882,0.986578740496651
2,efficientnet_b0,EplusT,rp,16,linearsvc,0.7701960784313725,0.7362934294136976
2,efficientnet_b0,EplusT,rp,16,logreg,0.8133333333333334,0.7791400643608033
2,efficientnet_b0,EplusT,rp,16,knn,0.8635294117647059,0.8161831835710148
2,efficientnet_b0,EplusT,rp,32,linearsvc,0.9231372549019607,0.900170615962382
2,efficientnet_b0,EplusT,rp,32,logreg,0.9466666666666667,0.9210969134874067
2,efficientnet_b0,EplusT,rp,32,knn,0.9552941176470588,0.9338801321456172
2,efficientnet_b0,EplusT,rp,8,linearsvc,0.4666666666666667,0.39759370484040396
2,efficientnet_b0,EplusT,rp,8,logreg,0.5427450980392157,0.4846467938240788
2,efficientnet_b0,EplusT,rp,8,knn,0.5772549019607843,0.4928164949050333
2,efficientnet_b0,EplusT,rp,64,linearsvc,0.9741176470588235,0.9581368278482552
2,efficientnet_b0,EplusT,rp,64,logreg,0.9788235294117648,0.9659288232121048
2,efficientnet_b0,EplusT,rp,64,knn,0.9686274509803922,0.9494700330641946
2,efficientnet_b0,EplusT,rp,128,linearsvc,0.9835294117647059,0.9768966992847591
2,efficientnet_b0,EplusT,rp,128,logreg,0.9890196078431372,0.981490732157522
2,efficientnet_b0,EplusT,rp,128,knn,0.9780392156862745,0.9591865808239821
2,mobilenet_v3_small,EplusT,pca,1,linearsvc,0.01803921568627451,0.005207484230540893
2,mobilenet_v3_small,EplusT,pca,1,logreg,0.03686274509803922,0.025722131154470234
2,mobilenet_v3_small,EplusT,pca,1,knn,0.01019607843137255,0.00016682907376498247
2,mobilenet_v3_small,EplusT,pca,8,linearsvc,0.7490196078431373,0.6983059633835432
2,mobilenet_v3_small,EplusT,pca,8,logreg,0.8533333333333334,0.8178827184605842
2,mobilenet_v3_small,EplusT,pca,8,knn,0.851764705882353,0.7969833429025471
2,mobilenet_v3_small,EplusT,pca,32,linearsvc,0.9803921568627451,0.9681488698861118
2,mobilenet_v3_small,EplusT,pca,32,logreg,0.9850980392156863,0.979202658866838
2,mobilenet_v3_small,EplusT,pca,32,knn,0.9749019607843137,0.9587917342093445
2,mobilenet_v3_small,EplusT,pca,16,linearsvc,0.9490196078431372,0.9317202730553368
2,mobilenet_v3_small,EplusT,pca,16,logreg,0.9686274509803922,0.9511324965563294
2,mobilenet_v3_small,EplusT,pca,16,knn,0.956078431372549,0.921629494444245
2,mobilenet_v3_small,EplusT,pca,64,linearsvc,0.9882352941176471,0.9774595222356418
2,mobilenet_v3_small,EplusT,pca,64,logreg,0.9890196078431372,0.9812726659741585
2,mobilenet_v3_small,EplusT,pca,64,knn,0.9835294117647059,0.9707531241997072
2,mobilenet_v3_small,EplusT,pca,128,linearsvc,0.9874509803921568,0.9779339003109856
2,mobilenet_v3_small,EplusT,pca,128,logreg,0.9905882352941177,0.9839844039817471
2,mobilenet_v3_small,EplusT,pca,128,knn,0.9827450980392157,0.9659183031335429
2,mobilenet_v3_small,EplusT,lda,1,linearsvc,0.0196078431372549,0.0032511099097521823
2,mobilenet_v3_small,EplusT,lda,1,logreg,0.04941176470588235,0.03192898792048434
2,mobilenet_v3_small,EplusT,lda,1,knn,0.005490196078431373,8.371909780360484e-05
2,mobilenet_v3_small,EplusT,lda,8,linearsvc,0.8290196078431372,0.7670859090601831
2,mobilenet_v3_small,EplusT,lda,8,logreg,0.9325490196078431,0.9014933902578631
2,mobilenet_v3_small,EplusT,lda,8,knn,0.9309803921568628,0.8958974883521357
2,mobilenet_v3_small,EplusT,lda,16,linearsvc,0.9662745098039216,0.9488398112959131
2,mobilenet_v3_small,EplusT,lda,16,logreg,0.984313725490196,0.9733791466018489
2,mobilenet_v3_small,EplusT,lda,16,knn,0.9803921568627451,0.9667785022213538
2,mobilenet_v3_small,EplusT,lda,32,linearsvc,0.9827450980392157,0.9726709650217114
2,mobilenet_v3_small,EplusT,lda,32,logreg,0.9898039215686274,0.9822532049211153
2,mobilenet_v3_small,EplusT,lda,32,knn,0.9874509803921568,0.9768276292530024
2,mobilenet_v3_small,EplusT,lda,64,linearsvc,0.9890196078431372,0.9777921509611356
2,mobilenet_v3_small,EplusT,lda,64,logreg,0.9929411764705882,0.9868633025349444
2,mobilenet_v3_small,EplusT,lda,64,knn,0.9913725490196078,0.9819462461253505
2,mobilenet_v3_small,EplusT,lda,128,linearsvc,0.9905882352941177,0.9883770251307563
2,mobilenet_v3_small,EplusT,lda,128,logreg,0.9945098039215686,0.991780679933665
2,mobilenet_v3_small,EplusT,lda,128,knn,0.9905882352941177,0.9853658779031911
2,mobilenet_v3_small,EplusT,pca,256,linearsvc,0.9874509803921568,0.9775660925492266
2,mobilenet_v3_small,EplusT,pca,256,logreg,0.9898039215686274,0.9833308275472454
2,mobilenet_v3_small,EplusT,pca,256,knn,0.984313725490196,0.9756612550406737
2,mobilenet_v3_small,EplusT,rp,1,linearsvc,0.018823529411764704,0.005319762600049993
2,mobilenet_v3_small,EplusT,rp,1,logreg,0.022745098039215685,0.017810056736746814
2,mobilenet_v3_small,EplusT,rp,1,knn,0.007058823529411765,0.00010392242471283884
2,mobilenet_v3_small,EplusT,rp,8,linearsvc,0.5145098039215686,0.4644429915140478
2,mobilenet_v3_small,EplusT,rp,8,logreg,0.5749019607843138,0.5460322330242862
2,mobilenet_v3_small,EplusT,rp,8,knn,0.6125490196078431,0.5520168729574418
2,mobilenet_v3_small,EplusT,rp,16,linearsvc,0.8533333333333334,0.8265654965423344
2,mobilenet_v3_small,EplusT,rp,16,logreg,0.8909803921568628,0.865986003826832
2,mobilenet_v3_small,EplusT,rp,16,knn,0.9090196078431373,0.8678297275499469
2,mobilenet_v3_small,EplusT,rp,32,linearsvc,0.9584313725490196,0.9386991712568743
2,mobilenet_v3_small,EplusT,rp,32,logreg,0.9701960784313726,0.9587298095264808
2,mobilenet_v3_small,EplusT,rp,32,knn,0.9639215686274509,0.9422278940572644
2,mobilenet_v3_small,EplusT,rp,64,linearsvc,0.9819607843137255,0.9673006320326826
2,mobilenet_v3_small,EplusT,rp,64,logreg,0.9905882352941177,0.9834538193093711
2,mobilenet_v3_small,EplusT,rp,64,knn,0.9780392156862745,0.9618496524560247
2,mobilenet_v3_small,EplusT,rp,128,linearsvc,0.9874509803921568,0.9773252488902183
2,mobilenet_v3_small,EplusT,rp,128,logreg,0.9905882352941177,0.9844176553131777
2,mobilenet_v3_small,EplusT,rp,128,knn,0.984313725490196,0.9718151251733341
2,mobilenet_v3_small,EplusT,lda,267,linearsvc,0.9929411764705882,0.986594727826071
2,mobilenet_v3_small,EplusT,lda,267,logreg,0.9945098039215686,0.9913751675061225
2,mobilenet_v3_small,EplusT,lda,267,knn,0.9921568627450981,0.9865128341807446
4,resnet50,EplusT,pca,1,linearsvc,0.014951627088830254,0.0029534529479747665
4,resnet50,EplusT,pca,1,logreg,0.029023746701846966,0.017148962433202995
4,resnet50,EplusT,pca,1,knn,0.007036059806508356,0.00010143892416775282
4,resnet50,EplusT,pca,8,linearsvc,0.6992084432717678,0.6497498279160201
4,resnet50,EplusT,pca,8,logreg,0.7968337730870713,0.7636565159864395
4,resnet50,EplusT,pca,8,knn,0.8065083553210203,0.7469918870232494
4,resnet50,EplusT,pca,32,linearsvc,0.9771328056288479,0.9672855907653284
4,resnet50,EplusT,pca,32,logreg,0.9850483729111698,0.9769042794189807
4,resnet50,EplusT,pca,32,knn,0.9700967458223395,0.9554841388244169
4,resnet50,EplusT,pca,16,linearsvc,0.9217238346525946,0.9050974871993765
4,resnet50,EplusT,pca,16,logreg,0.9551451187335093,0.9414796391284885
4,resnet50,EplusT,pca,16,knn,0.9331574318381706,0.899837268279032
4,resnet50,EplusT,pca,64,linearsvc,0.9841688654353562,0.9764335706899313
4,resnet50,EplusT,pca,64,logreg,0.9894459102902374,0.9843547816175884
4,resnet50,EplusT,pca,64,knn,0.9832893579595426,0.9728238317790557
4,resnet50,EplusT,pca,128,linearsvc,0.9876868953386104,0.9758593869232542
4,resnet50,EplusT,pca,128,logreg,0.9920844327176781,0.9856666968722788
4,resnet50,EplusT,pca,128,knn,0.9850483729111698,0.9736325587071857
4,resnet50,EplusT,lda,1,linearsvc,0.020228671943711522,0.005490486188394035
4,resnet50,EplusT,lda,1,logreg,0.04661389621811785,0.027953756628791255
4,resnet50,EplusT,lda,1,knn,0.005277044854881266,9.02218748018037e-05
4,resnet50,EplusT,lda,8,linearsvc,0.6385224274406333,0.5522720121677315
4,resnet50,EplusT,lda,8,logreg,0.7730870712401056,0.7266504710806037
4,resnet50,EplusT,lda,8,knn,0.8197009674582234,0.7642358097463567
4,resnet50,EplusT,lda,16,linearsvc,0.8346525945470537,0.7772987627190876
4,resnet50,EplusT,lda,16,logreg,0.940193491644679,0.9113230949464257
4,resnet50,EplusT,lda,16,knn,0.9472295514511874,0.9247712606091956
4,resnet50,EplusT,lda,32,linearsvc,0.9287598944591029,0.9006040179099167
4,resnet50,EplusT,lda,32,logreg,0.9736147757255936,0.9578330968052171
4,resnet50,EplusT,lda,32,knn,0.978891820580475,0.9660722048053964
4,resnet50,EplusT,lda,64,linearsvc,0.9736147757255936,0.9594649830169214
4,resnet50,EplusT,lda,64,logreg,0.9876868953386104,0.9783631384608698
4,resnet50,EplusT,lda,64,knn,0.990325417766051,0.9867993775807647
4,resnet50,EplusT,lda,128,linearsvc,0.9850483729111698,0.9800453192528142
4,resnet50,EplusT,lda,128,logreg,0.9920844327176781,0.987626801059637
4,resnet50,EplusT,lda,128,knn,0.9929639401934917,0.9894036311946759
4,resnet50,EplusT,lda,267,linearsvc,0.9929639401934917,0.9828373947776934
4,resnet50,EplusT,lda,267,logreg,0.9938434476693052,0.9903512739333634
4,resnet50,EplusT,lda,267,knn,0.9938434476693052,0.9903512739333634
4,resnet50,EplusT,rp,1,linearsvc,0.010554089709762533,0.0016893117591441685
4,resnet50,EplusT,rp,1,logreg,0.013192612137203167,0.008688163972404534
4,resnet50,EplusT,rp,1,knn,0.006156552330694811,9.049238790989306e-05
4,resnet50,EplusT,rp,8,linearsvc,0.2673702726473175,0.20806155995322392
4,resnet50,EplusT,rp,8,logreg,0.306948109058927,0.2719439043569167
4,resnet50,EplusT,rp,8,knn,0.2638522427440633,0.20540383295971937
4,resnet50,EplusT,rp,16,linearsvc,0.5954265611257695,0.5474455977276208
4,resnet50,EplusT,rp,16,logreg,0.5892700087950747,0.5353699211608388
4,resnet50,EplusT,rp,16,knn,0.6402814423922604,0.5513192931850603
4,resnet50,EplusT,rp,32,linearsvc,0.8214599824098505,0.7675547600902551
4,resnet50,EplusT,rp,32,logreg,0.8443271767810027,0.8160786432243414
4,resnet50,EplusT,rp,32,knn,0.8891820580474934,0.8420321494291331
4,resnet50,EplusT,rp,64,linearsvc,0.9217238346525946,0.8937558970563754
4,resnet50,EplusT,rp,64,logreg,0.9595426561125769,0.9409964625636846
4,resnet50,EplusT,rp,64,knn,0.9665787159190853,0.949410935329562
4,resnet50,EplusT,pca,256,linearsvc,0.9929639401934917,0.9852409377662369
4,resnet50,EplusT,pca,256,logreg,0.9912049252418645,0.9836766471210352
4,resnet50,EplusT,pca,256,knn,0.9850483729111698,0.9729928998585715
4,resnet50,EplusT,rp,128,linearsvc,0.961301671064204,0.9470763173331793
4,resnet50,EplusT,rp,128,logreg,0.980650835532102,0.9690561508400911
4,resnet50,EplusT,rp,128,knn,0.9736147757255936,0.9516057024634493
4,efficientnet_b0,EplusT,pca,8,linearsvc,0.7247141600703606,0.6703758218380096
4,efficientnet_b0,EplusT,pca,8,logreg,0.841688654353562,0.8046551122531901
4,efficientnet_b0,EplusT,pca,8,knn,0.8328935795954265,0.7693262194910686
4,efficientnet_b0,EplusT,pca,1,linearsvc,0.021108179419525065,0.005931253463431069
4,efficientnet_b0,EplusT,pca,1,logreg,0.032541776605101144,0.018181236682910426
4,efficientnet_b0,EplusT,pca,1,knn,0.0043975373790677225,6.511149829297107e-05
4,efficientnet_b0,EplusT,pca,32,linearsvc,0.9841688654353562,0.9728487514775118
4,efficientnet_b0,EplusT,pca,32,logreg,0.990325417766051,0.986524313550791
4,efficientnet_b0,EplusT,pca,32,knn,0.9753737906772207,0.9562948039912483
4,efficientnet_b0,EplusT,pca,16,linearsvc,0.9357959542656112,0.9149907419359725
4,efficientnet_b0,EplusT,pca,16,logreg,0.9665787159190853,0.9440245024448619
4,efficientnet_b0,EplusT,pca,16,knn,0.9498680738786279,0.9252146233962579
4,efficientnet_b0,EplusT,pca,64,linearsvc,0.9894459102902374,0.9805404380031245
4,efficientnet_b0,EplusT,pca,64,logreg,0.9912049252418645,0.9869850201500772
4,efficientnet_b0,EplusT,pca,64,knn,0.9824098504837291,0.9719170862010265
4,efficientnet_b0,EplusT,pca,128,linearsvc,0.990325417766051,0.982684701407265
4,efficientnet_b0,EplusT,pca,128,logreg,0.9929639401934917,0.9883273028795417
4,efficientnet_b0,EplusT,pca,128,knn,0.9841688654353562,0.9747718599513224
4,efficientnet_b0,EplusT,lda,1,linearsvc,0.030782761653474055,0.006424820061695668
4,efficientnet_b0,EplusT,lda,1,logreg,0.06420404573438875,0.03168275885307564
4,efficientnet_b0,EplusT,lda,1,knn,0.011433597185576077,0.0002630051636000854
4,efficientnet_b0,EplusT,lda,8,linearsvc,0.7431838170624451,0.6752184022902611
4,efficientnet_b0,EplusT,lda,8,logreg,0.9014951627088831,0.8634591357330602
4,efficientnet_b0,EplusT,lda,8,knn,0.9120492524186455,0.8734422590858594
4,efficientnet_b0,EplusT,lda,16,linearsvc,0.9349164467897977,0.8993976404533912
4,efficientnet_b0,EplusT,lda,16,logreg,0.9753737906772207,0.9587462262347319
4,efficientnet_b0,EplusT,lda,16,knn,0.9815303430079155,0.9629412952618905
4,efficientnet_b0,EplusT,lda,32,linearsvc,0.9718557607739666,0.9449397791699442
4,efficientnet_b0,EplusT,lda,32,logreg,0.9912049252418645,0.988958319545515
4,efficientnet_b0,EplusT,lda,32,knn,0.9929639401934917,0.9907933841116227
4,efficientnet_b0,EplusT,lda,64,linearsvc,0.9850483729111698,0.972506818266834
4,efficientnet_b0,EplusT,lda,64,logreg,0.9920844327176781,0.990150558396827
4,efficientnet_b0,EplusT,lda,64,knn,0.9912049252418645,0.9913101160862356
4,efficientnet_b0,EplusT,lda,128,linearsvc,0.9894459102902374,0.9828692037647262
4,efficientnet_b0,EplusT,lda,128,logreg,0.9920844327176781,0.9866908771649773
4,efficientnet_b0,EplusT,lda,128,knn,0.9938434476693052,0.9910183112022215
4,efficientnet_b0,EplusT,pca,256,linearsvc,0.9929639401934917,0.986470743187161
4,efficientnet_b0,EplusT,pca,256,logreg,0.9938434476693052,0.9899442183024274
4,efficientnet_b0,EplusT,pca,256,knn,0.9876868953386104,0.9787965008065164
4,efficientnet_b0,EplusT,lda,267,linearsvc,0.9912049252418645,0.9836394948335248
4,efficientnet_b0,EplusT,lda,267,logreg,0.9938434476693052,0.9894467058646165
4,efficientnet_b0,EplusT,lda,267,knn,0.9947229551451188,0.9914367556158601
4,efficientnet_b0,EplusT,rp,1,linearsvc,0.0158311345646438,0.004539079541882743
4,efficientnet_b0,EplusT,rp,1,logreg,0.021108179419525065,0.015985550616976874
4,efficientnet_b0,EplusT,rp,1,knn,0.006156552330694811,9.179271373455094e-05
4,efficientnet_b0,EplusT,rp,8,linearsvc,0.455584872471416,0.37881321676158947
4,efficientnet_b0,EplusT,rp,8,logreg,0.5338610378188214,0.4865265608657781
4,efficientnet_b0,EplusT,rp,8,knn,0.5664028144239226,0.4804925414187121
4,efficientnet_b0,EplusT,rp,32,linearsvc,0.9340369393139841,0.9065236304334834
4,efficientnet_b0,EplusT,rp,32,logreg,0.9525065963060686,0.9380435342258386
4,efficientnet_b0,EplusT,rp,32,knn,0.9586631486367634,0.9422799731168684
4,efficientnet_b0,EplusT,rp,16,linearsvc,0.7713280562884784,0.7416242825203248
4,efficientnet_b0,EplusT,rp,16,logreg,0.8056288478452067,0.770295215851105
4,efficientnet_b0,EplusT,rp,16,knn,0.8839050131926122,0.8340861702899129
4,efficientnet_b0,EplusT,rp,64,linearsvc,0.9709762532981531,0.9496710819267841
4,efficientnet_b0,EplusT,rp,64,logreg,0.9885664028144239,0.9799498180095194
4,efficientnet_b0,EplusT,rp,64,knn,0.9718557607739666,0.9492520376525275
4,efficientnet_b0,EplusT,rp,128,linearsvc,0.9868073878627969,0.9789097027902998
4,efficientnet_b0,EplusT,rp,128,logreg,0.9929639401934917,0.9858736619930649
4,efficientnet_b0,EplusT,rp,128,knn,0.9876868953386104,0.9769964837244538
4,mobilenet_v3_small,EplusT,pca,8,linearsvc,0.772207563764292,0.7255580229969121
4,mobilenet_v3_small,EplusT,pca,8,logreg,0.8777484608619174,0.8498177218506686
4,mobilenet_v3_small,EplusT,pca,8,knn,0.8733509234828496,0.8291964991557528
4,mobilenet_v3_small,EplusT,pca,1,linearsvc,0.01759014951627089,0.0037574240112090477
4,mobilenet_v3_small,EplusT,pca,1,logreg,0.027264731750219876,0.017191272829752424
4,mobilenet_v3_small,EplusT,pca,1,knn,0.005277044854881266,7.64230145619824e-05
4,mobilenet_v3_small,EplusT,pca,32,linearsvc,0.9868073878627969,0.9793079862571797
4,mobilenet_v3_small,EplusT,pca,32,logreg,0.9912049252418645,0.9888007672167368
4,mobilenet_v3_small,EplusT,pca,32,knn,0.9850483729111698,0.977572007135336
4,mobilenet_v3_small,EplusT,pca,16,linearsvc,0.9621811785400176,0.9415755999387763
4,mobilenet_v3_small,EplusT,pca,16,logreg,0.980650835532102,0.9694459844570745
4,mobilenet_v3_small,EplusT,pca,16,knn,0.9630606860158312,0.9420995182699818
4,mobilenet_v3_small,EplusT,pca,64,linearsvc,0.9938434476693052,0.9900577460625517
4,mobilenet_v3_small,EplusT,pca,64,logreg,0.9956024626209323,0.9958146757000783
4,mobilenet_v3_small,EplusT,pca,64,knn,0.9868073878627969,0.9770704638588519
4,mobilenet_v3_small,EplusT,pca,128,linearsvc,0.9920844327176781,0.9877360213527674
4,mobilenet_v3_small,EplusT,pca,128,logreg,0.9956024626209323,0.9958146757000783
4,mobilenet_v3_small,EplusT,pca,128,knn,0.990325417766051,0.9830494972632583
4,mobilenet_v3_small,EplusT,lda,1,linearsvc,0.02198768689533861,0.004400326505833835
4,mobilenet_v3_small,EplusT,lda,1,logreg,0.0633245382585752,0.03969455431164335
4,mobilenet_v3_small,EplusT,lda,1,knn,0.008795074758135445,0.00014296334419854748
4,mobilenet_v3_small,EplusT,lda,8,linearsvc,0.8645558487247141,0.8243424869742693
4,mobilenet_v3_small,EplusT,lda,8,logreg,0.9463500439753738,0.9269031292937305
4,mobilenet_v3_small,EplusT,lda,8,knn,0.9437115215479331,0.9120491181008595
4,mobilenet_v3_small,EplusT,lda,16,linearsvc,0.9604221635883905,0.9406847986586677
4,mobilenet_v3_small,EplusT,lda,16,logreg,0.9841688654353562,0.9783046899344667
4,mobilenet_v3_small,EplusT,lda,16,knn,0.9841688654353562,0.971222324218951
4,mobilenet_v3_small,EplusT,lda,32,linearsvc,0.9850483729111698,0.9774701352066955
4,mobilenet_v3_small,EplusT,lda,32,logreg,0.990325417766051,0.986749289267946
4,mobilenet_v3_small,EplusT,lda,32,knn,0.9885664028144239,0.9819684308938803
4,mobilenet_v3_small,EplusT,lda,64,linearsvc,0.9947229551451188,0.9911712262805095
4,mobilenet_v3_small,EplusT,lda,64,logreg,0.9947229551451188,0.9911712262805097
4,mobilenet_v3_small,EplusT,lda,64,knn,0.9947229551451188,0.9913370637597799
4,mobilenet_v3_small,EplusT,lda,128,linearsvc,0.9956024626209323,0.9937417072091995
4,mobilenet_v3_small,EplusT,lda,128,logreg,0.9947229551451188,0.9917516574579556
4,mobilenet_v3_small,EplusT,lda,128,knn,0.9964819700967458,0.9942747562497113
4,mobilenet_v3_small,EplusT,pca,256,linearsvc,0.9938434476693052,0.9900577460625517
4,mobilenet_v3_small,EplusT,pca,256,logreg,0.9947229551451188,0.9913370637597799
4,mobilenet_v3_small,EplusT,pca,256,knn,0.990325417766051,0.9830494972632583
4,mobilenet_v3_small,EplusT,rp,1,linearsvc,0.02198768689533861,0.005540597272379537
4,mobilenet_v3_small,EplusT,rp,1,logreg,0.016710642040457344,0.014857502511146058
4,mobilenet_v3_small,EplusT,rp,1,knn,0.006156552330694811,9.20283417438206e-05
4,mobilenet_v3_small,EplusT,rp,8,linearsvc,0.49340369393139843,0.44019146074648363
4,mobilenet_v3_small,EplusT,rp,8,logreg,0.5866314863676341,0.5396589004473746
4,mobilenet_v3_small,EplusT,rp,8,knn,0.6094986807387863,0.5591613410169044
4,mobilenet_v3_small,EplusT,rp,16,linearsvc,0.8795074758135444,0.8451303666537482
4,mobilenet_v3_small,EplusT,rp,16,logreg,0.9032541776605101,0.8665939498922333
4,mobilenet_v3_small,EplusT,rp,16,knn,0.9261213720316622,0.882037443614716
4,mobilenet_v3_small,EplusT,rp,32,linearsvc,0.9648197009674582,0.947342642053492
4,mobilenet_v3_small,EplusT,rp,32,logreg,0.9762532981530343,0.9681257757328063
4,mobilenet_v3_small,EplusT,rp,32,knn,0.9736147757255936,0.9571863264374009
4,mobilenet_v3_small,EplusT,rp,64,linearsvc,0.9850483729111698,0.976631463387882
4,mobilenet_v3_small,EplusT,rp,64,logreg,0.9912049252418645,0.9881344776564801
4,mobilenet_v3_small,EplusT,rp,64,knn,0.9841688654353562,0.9761761096164845
4,mobilenet_v3_small,EplusT,rp,128,linearsvc,0.9912049252418645,0.9893732878274097
4,mobilenet_v3_small,EplusT,rp,128,logreg,0.9938434476693052,0.99064770012046
4,mobilenet_v3_small,EplusT,rp,128,knn,0.9859278803869833,0.9690310762303738
4,mobilenet_v3_small,EplusT,lda,267,linearsvc,0.9929639401934917,0.986682845672726
4,mobilenet_v3_small,EplusT,lda,267,logreg,0.9938434476693052,0.9908838162130524
4,mobilenet_v3_small,EplusT,lda,267,knn,0.9929639401934917,0.9855801341222532
3,resnet50,EplusT,pca,1,linearsvc,0.02023608768971332,0.004867034460054975
3,resnet50,EplusT,pca,1,logreg,0.03372681281618887,0.025899673441376687
3,resnet50,EplusT,pca,1,knn,0.007588532883642495,0.00011974290040480827
3,resnet50,EplusT,pca,8,linearsvc,0.6795952782462057,0.6205345807262925
3,resnet50,EplusT,pca,8,logreg,0.8128161888701517,0.7800565675932205
3,resnet50,EplusT,pca,8,knn,0.7892074198988196,0.7320805106368212
3,resnet50,EplusT,pca,16,linearsvc,0.9173693086003373,0.8979796811952788
3,resnet50,EplusT,pca,16,logreg,0.945193929173693,0.9369089626480991
3,resnet50,EplusT,pca,16,knn,0.9325463743676222,0.8996871528281236
3,resnet50,EplusT,pca,32,linearsvc,0.9713322091062394,0.9608902617332796
3,resnet50,EplusT,pca,32,logreg,0.9738617200674536,0.9644731292305067
3,resnet50,EplusT,pca,32,knn,0.9595278246205734,0.9386684026550811
3,resnet50,EplusT,pca,64,linearsvc,0.9831365935919055,0.9712725543636777
3,resnet50,EplusT,pca,64,logreg,0.9856661045531198,0.9785741146046817
3,resnet50,EplusT,pca,64,knn,0.9662731871838112,0.9455211593156074
3,resnet50,EplusT,pca,128,linearsvc,0.978920741989882,0.9669394460354352
3,resnet50,EplusT,pca,128,logreg,0.9839797639123102,0.9767391053749426
3,resnet50,EplusT,pca,128,knn,0.9721753794266442,0.9588206962999025
3,resnet50,EplusT,lda,1,linearsvc,0.025295109612141653,0.006070519219564221
3,resnet50,EplusT,lda,1,logreg,0.048903878583473864,0.024149978765159265
3,resnet50,EplusT,lda,1,knn,0.00927487352445194,0.0001591012285569307
3,resnet50,EplusT,lda,8,linearsvc,0.5876897133220911,0.5199336065417808
3,resnet50,EplusT,lda,8,logreg,0.7799325463743676,0.7296846304363864
3,resnet50,EplusT,lda,8,knn,0.7976391231028668,0.7415832420210683
3,resnet50,EplusT,lda,16,linearsvc,0.8338954468802698,0.7817694826652474
3,resnet50,EplusT,lda,16,logreg,0.9232715008431703,0.8879141248666411
3,resnet50,EplusT,lda,16,knn,0.9519392917369308,0.9211241621449675
3,resnet50,EplusT,lda,32,linearsvc,0.9207419898819561,0.8895220233591642
3,resnet50,EplusT,lda,32,logreg,0.9721753794266442,0.9553677727335118
3,resnet50,EplusT,lda,32,knn,0.9763912310286678,0.9651070700666952
3,resnet50,EplusT,lda,64,linearsvc,0.9586846543001686,0.936564269809112
3,resnet50,EplusT,lda,64,logreg,0.9839797639123102,0.9744757342580919
3,resnet50,EplusT,lda,64,knn,0.9856661045531198,0.9776559118017462
3,resnet50,EplusT,lda,128,linearsvc,0.9822934232715008,0.9639708724547688
3,resnet50,EplusT,lda,128,logreg,0.9907251264755481,0.9837470376996047
3,resnet50,EplusT,lda,128,knn,0.9890387858347386,0.9818464514937645
3,resnet50,EplusT,lda,267,linearsvc,0.9890387858347386,0.9844453268648085
3,resnet50,EplusT,lda,267,logreg,0.9932546374367622,0.9913320303245677
3,resnet50,EplusT,lda,267,knn,0.9915682967959528,0.9891902426368254
3,resnet50,EplusT,rp,1,linearsvc,0.01433389544688027,0.003280856086886419
3,resnet50,EplusT,rp,1,logreg,0.008431703204047217,0.006042616051395683
3,resnet50,EplusT,rp,1,knn,0.0042158516020236085,6.0764749231212156e-05
3,resnet50,EplusT,rp,8,linearsvc,0.2478920741989882,0.19522682083561893
3,resnet50,EplusT,rp,8,logreg,0.2866779089376054,0.2605392715406693
3,resnet50,EplusT,rp,8,knn,0.26559865092748736,0.21594625889212316
3,resnet50,EplusT,rp,16,linearsvc,0.5581787521079258,0.5041451282982404
3,resnet50,EplusT,rp,16,logreg,0.5539629005059022,0.5073952057279422
3,resnet50,EplusT,rp,16,knn,0.6441821247892074,0.5805908248994267
3,resnet50,EplusT,rp,32,linearsvc,0.8026981450252951,0.7565609408817903
3,resnet50,EplusT,rp,32,logreg,0.8305227655986509,0.7966650683971608
3,resnet50,EplusT,rp,32,knn,0.8836424957841484,0.8493855218721831
3,resnet50,EplusT,rp,64,linearsvc,0.9055649241146712,0.8741423989197036
3,resnet50,EplusT,rp,64,logreg,0.948566610455312,0.9260123754797059
3,resnet50,EplusT,rp,64,knn,0.9494097807757167,0.9209725883842722
3,resnet50,EplusT,rp,128,linearsvc,0.9569983136593592,0.9347740080354979
3,resnet50,EplusT,rp,128,logreg,0.9763912310286678,0.9591085396572666
3,resnet50,EplusT,rp,128,knn,0.96964586846543,0.9510754222912581
3,resnet50,EplusT,pca,256,linearsvc,0.9890387858347386,0.9854680843931571
3,resnet50,EplusT,pca,256,logreg,0.9865092748735245,0.9809153020973177
3,resnet50,EplusT,pca,256,knn,0.975548060708263,0.9610247144603228
3,efficientnet_b0,EplusT,pca,8,linearsvc,0.7082630691399663,0.6529886486776764
3,efficientnet_b0,EplusT,pca,8,logreg,0.8338954468802698,0.7975189270176737
3,efficientnet_b0,EplusT,pca,8,knn,0.8465430016863407,0.7982061086416083
3,efficientnet_b0,EplusT,pca,1,linearsvc,0.01770657672849916,0.006406857914678346
3,efficientnet_b0,EplusT,pca,1,logreg,0.03541315345699832,0.022986345395646143
3,efficientnet_b0,EplusT,pca,1,knn,0.011804384485666104,0.00016618702674311726
3,efficientnet_b0,EplusT,pca,32,linearsvc,0.9814502529510961,0.9793713563702545
3,efficientnet_b0,EplusT,pca,32,logreg,0.9806070826306914,0.97278215230424
3,efficientnet_b0,EplusT,pca,32,knn,0.9688026981450253,0.9603125170968917
3,efficientnet_b0,EplusT,pca,16,linearsvc,0.9249578414839797,0.9121143669726169
3,efficientnet_b0,EplusT,pca,16,logreg,0.9586846543001686,0.9508003816168874
3,efficientnet_b0,EplusT,pca,16,knn,0.9519392917369308,0.9361508756467978
3,efficientnet_b0,EplusT,pca,64,linearsvc,0.9822934232715008,0.9736658918021839
3,efficientnet_b0,EplusT,pca,64,logreg,0.9865092748735245,0.9834324061641422
3,efficientnet_b0,EplusT,pca,64,knn,0.9763912310286678,0.965988368908174
3,efficientnet_b0,EplusT,pca,128,linearsvc,0.9881956155143339,0.9860047132654683
3,efficientnet_b0,EplusT,pca,128,logreg,0.9898819561551433,0.9873358780958937
3,efficientnet_b0,EplusT,pca,128,knn,0.9831365935919055,0.9791097518824982
3,efficientnet_b0,EplusT,lda,1,linearsvc,0.0193929173693086,0.005416289740353565
3,efficientnet_b0,EplusT,lda,1,logreg,0.0581787521079258,0.03201435299415626
3,efficientnet_b0,EplusT,lda,1,knn,0.012647554806070826,0.00026342529187215884
3,efficientnet_b0,EplusT,lda,8,linearsvc,0.7453625632377741,0.6972392425640889
3,efficientnet_b0,EplusT,lda,8,logreg,0.8870151770657673,0.846908844983911
3,efficientnet_b0,EplusT,lda,8,knn,0.8979763912310287,0.8535800877948608
3,efficientnet_b0,EplusT,lda,16,linearsvc,0.9291736930860034,0.9007285399781124
3,efficientnet_b0,EplusT,lda,16,logreg,0.9721753794266442,0.9514219360073043
3,efficientnet_b0,EplusT,lda,16,knn,0.9730185497470489,0.9478974043433012
3,efficientnet_b0,EplusT,lda,32,linearsvc,0.9704890387858347,0.9537011657911526
3,efficientnet_b0,EplusT,lda,32,logreg,0.9839797639123102,0.9737801186024465
3,efficientnet_b0,EplusT,lda,32,knn,0.9865092748735245,0.9681527602187462
3,efficientnet_b0,EplusT,lda,64,linearsvc,0.9763912310286678,0.9612343366025612
3,efficientnet_b0,EplusT,lda,64,logreg,0.9856661045531198,0.9748264977632846
3,efficientnet_b0,EplusT,lda,64,knn,0.9881956155143339,0.9845775253375411
3,efficientnet_b0,EplusT,lda,128,linearsvc,0.984822934232715,0.9779434463154022
3,efficientnet_b0,EplusT,lda,128,logreg,0.9907251264755481,0.9885538841450073
3,efficientnet_b0,EplusT,lda,128,knn,0.9907251264755481,0.9880202683325229
3,efficientnet_b0,EplusT,lda,267,linearsvc,0.9881956155143339,0.9764581778525221
3,efficientnet_b0,EplusT,lda,267,logreg,0.9932546374367622,0.9872457777655088
3,efficientnet_b0,EplusT,lda,267,knn,0.9924114671163575,0.9897296526027869
3,efficientnet_b0,EplusT,pca,256,linearsvc,0.9890387858347386,0.9800670275434613
3,efficientnet_b0,EplusT,pca,256,logreg,0.9890387858347386,0.9858050705949369
3,efficientnet_b0,EplusT,pca,256,knn,0.984822934232715,0.9829362598134835
3,efficientnet_b0,EplusT,rp,1,linearsvc,0.01517706576728499,0.004471597106454701
3,efficientnet_b0,EplusT,rp,1,logreg,0.021079258010118045,0.017754454638782998
3,efficientnet_b0,EplusT,rp,1,knn,0.006745362563237774,9.950359315766858e-05
3,efficientnet_b0,EplusT,rp,8,linearsvc,0.4629005059021922,0.4095389779514913
3,efficientnet_b0,EplusT,rp,8,logreg,0.5421585160202361,0.49772208361142556
3,efficientnet_b0,EplusT,rp,8,knn,0.5860033726812817,0.5190782292723455
3,efficientnet_b0,EplusT,rp,16,linearsvc,0.7984822934232715,0.7621945020205266
3,efficientnet_b0,EplusT,rp,16,logreg,0.8111298482293423,0.7920308303063877
3,efficientnet_b0,EplusT,rp,16,knn,0.887858347386172,0.8385866316151698
3,efficientnet_b0,EplusT,rp,32,linearsvc,0.924114671163575,0.9015553520855402
3,efficientnet_b0,EplusT,rp,32,logreg,0.948566610455312,0.9338241780899814
3,efficientnet_b0,EplusT,rp,32,knn,0.9595278246205734,0.9387166699995936
3,efficientnet_b0,EplusT,rp,64,linearsvc,0.96964586846543,0.9571685451849262
3,efficientnet_b0,EplusT,rp,64,logreg,0.9780775716694773,0.9692903846662916
3,efficientnet_b0,EplusT,rp,64,knn,0.9747048903878583,0.9565646392227881
3,efficientnet_b0,EplusT,rp,128,linearsvc,0.9822934232715008,0.9727647632827617
3,efficientnet_b0,EplusT,rp,128,logreg,0.984822934232715,0.9743528360550159
3,efficientnet_b0,EplusT,rp,128,knn,0.9797639123102867,0.9690139355456345
3,mobilenet_v3_small,EplusT,pca,1,linearsvc,0.0193929173693086,0.004128227516043257
3,mobilenet_v3_small,EplusT,pca,1,logreg,0.023608768971332208,0.020210852580255564
3,mobilenet_v3_small,EplusT,pca,1,knn,0.005902192242833052,8.708973638587225e-05
3,mobilenet_v3_small,EplusT,pca,8,linearsvc,0.7537942664418212,0.701120906525302
3,mobilenet_v3_small,EplusT,pca,8,logreg,0.8608768971332209,0.8320317460190346
3,mobilenet_v3_small,EplusT,pca,8,knn,0.8465430016863407,0.8097044432458116
3,mobilenet_v3_small,EplusT,pca,32,linearsvc,0.9831365935919055,0.9757551633435372
3,mobilenet_v3_small,EplusT,pca,32,logreg,0.9865092748735245,0.97957752738493
3,mobilenet_v3_small,EplusT,pca,32,knn,0.9730185497470489,0.9536043598823739
3,mobilenet_v3_small,EplusT,pca,16,linearsvc,0.9367622259696459,0.9122044237037189
3,mobilenet_v3_small,EplusT,pca,16,logreg,0.9603709949409781,0.9475926179639919
3,mobilenet_v3_small,EplusT,pca,16,knn,0.9468802698145026,0.9165038963213724
3,mobilenet_v3_small,EplusT,pca,64,linearsvc,0.9898819561551433,0.9773151404094983
3,mobilenet_v3_small,EplusT,pca,64,logreg,0.9924114671163575,0.9936181956068976
3,mobilenet_v3_small,EplusT,pca,64,knn,0.9806070826306914,0.9620163001341391
3,mobilenet_v3_small,EplusT,pca,128,linearsvc,0.9907251264755481,0.9928237741572384
3,mobilenet_v3_small,EplusT,pca,128,logreg,0.9949409780775716,0.9965898508173587
3,mobilenet_v3_small,EplusT,pca,128,knn,0.9839797639123102,0.9677308196426998
3,mobilenet_v3_small,EplusT,lda,1,linearsvc,0.01517706576728499,0.0030208628400686917
3,mobilenet_v3_small,EplusT,lda,1,logreg,0.07504215851602024,0.042424795598834546
3,mobilenet_v3_small,EplusT,lda,1,knn,0.011804384485666104,0.00018399370472393462
3,mobilenet_v3_small,EplusT,lda,8,linearsvc,0.8465430016863407,0.8048634802586566
3,mobilenet_v3_small,EplusT,lda,8,logreg,0.9502529510961214,0.9261121521498539
3,mobilenet_v3_small,EplusT,lda,8,knn,0.9401349072512648,0.9090182861526069
3,mobilenet_v3_small,EplusT,lda,16,linearsvc,0.9645868465430016,0.9527299109033434
3,mobilenet_v3_small,EplusT,lda,16,logreg,0.9865092748735245,0.9835376687988627
3,mobilenet_v3_small,EplusT,lda,16,knn,0.9780775716694773,0.9619356775091561
3,mobilenet_v3_small,EplusT,lda,32,linearsvc,0.9814502529510961,0.9672651398557387
3,mobilenet_v3_small,EplusT,lda,32,logreg,0.9898819561551433,0.9865183013503906
3,mobilenet_v3_small,EplusT,lda,32,knn,0.9881956155143339,0.9823975361288794
3,mobilenet_v3_small,EplusT,lda,64,linearsvc,0.9907251264755481,0.9893308576733557
3,mobilenet_v3_small,EplusT,lda,64,logreg,0.9924114671163575,0.9951741900311744
3,mobilenet_v3_small,EplusT,lda,64,knn,0.9915682967959528,0.9870671014905337
3,mobilenet_v3_small,EplusT,lda,128,linearsvc,0.9932546374367622,0.9921561459452499
3,mobilenet_v3_small,EplusT,lda,128,logreg,0.9949409780775716,0.9970914262536645
3,mobilenet_v3_small,EplusT,lda,128,knn,0.9924114671163575,0.9909650465620614
3,mobilenet_v3_small,EplusT,pca,256,linearsvc,0.9915682967959528,0.9892018952121305
3,mobilenet_v3_small,EplusT,pca,256,logreg,0.9957841483979764,0.9975491112915446
3,mobilenet_v3_small,EplusT,pca,256,knn,0.9822934232715008,0.9652554513859443
3,mobilenet_v3_small,EplusT,rp,1,linearsvc,0.02023608768971332,0.005545725264220402
3,mobilenet_v3_small,EplusT,rp,1,logreg,0.026138279932546374,0.019670168467301227
3,mobilenet_v3_small,EplusT,rp,1,knn,0.008431703204047217,6.239704487595467e-05
3,mobilenet_v3_small,EplusT,rp,8,linearsvc,0.5025295109612141,0.4403303918134991
3,mobilenet_v3_small,EplusT,rp,8,logreg,0.5784148397976391,0.5407819185625202
3,mobilenet_v3_small,EplusT,rp,8,knn,0.5902192242833052,0.5236701395448454
3,mobilenet_v3_small,EplusT,rp,16,linearsvc,0.8600337268128162,0.8432426787709308
3,mobilenet_v3_small,EplusT,rp,16,logreg,0.9131534569983136,0.8891033167840791
3,mobilenet_v3_small,EplusT,rp,16,knn,0.9173693086003373,0.8969257745215978
3,mobilenet_v3_small,EplusT,rp,32,linearsvc,0.9561551433389545,0.9389762509147889
3,mobilenet_v3_small,EplusT,rp,32,logreg,0.9797639123102867,0.9667819375540829
3,mobilenet_v3_small,EplusT,rp,32,knn,0.9713322091062394,0.9582891751543848
3,mobilenet_v3_small,EplusT,rp,64,linearsvc,0.9831365935919055,0.9654819926439768
3,mobilenet_v3_small,EplusT,rp,64,logreg,0.9873524451939292,0.9797335434923808
3,mobilenet_v3_small,EplusT,rp,64,knn,0.9780775716694773,0.9656210581832086
3,mobilenet_v3_small,EplusT,rp,128,linearsvc,0.9890387858347386,0.9867032602990969
3,mobilenet_v3_small,EplusT,rp,128,logreg,0.9907251264755481,0.9917130722118939
3,mobilenet_v3_small,EplusT,rp,128,knn,0.9831365935919055,0.9725315752128284
3,mobilenet_v3_small,EplusT,lda,267,linearsvc,0.9949409780775716,0.992968630238165
3,mobilenet_v3_small,EplusT,lda,267,logreg,0.9966273187183811,0.9979231807936582
3,mobilenet_v3_small,EplusT,lda,267,knn,0.9957841483979764,0.9970732637123979
